UserId,SIN,AccountNumber,Password,CreditCard,Comments
ofakeley0@elpais.com,607-82-9963,679647039-7,5433c541-a735-4783-ac1b-bdb1f95ba7b5,6706970503473868,Please change my number to. Thanks
cstubbington1@ibm.com,543-43-5623,466928803-2,b2892e74-9588-4c23-9645-ea4fdf4729e8,3549127839068106,Please change my number to 674-486-9054. Thanks
ekaman2@home.pl,231-68-8007,242426152-0,ce7e4400-92ea-4ba9-8758-5c6215b68b47,201665969359626,Please change my number to 430-349-3493. Thanks
kfoukx3@marriott.com,649-13-1124,938973332-4,5c5354aa-2c90-4953-86ba-da980744cb22,3537909533350805,Please change my number to 748-378-0076. Thanks
bbrahms4@time.com,751-05-9457,415982138-3,ae9dc910-490e-4b78-a4ff-f4ed30d87bd1,3550347450579522,Please change my number to 254-629-4315. Thanks
ogotmann5@tamu.edu,573-37-7766,169951198-5,c8a51ad7-c4f6-422d-bfd3-14900926eaca,201866351141156,Please change my number to 109-824-8592. Thanks
gtrawin6@wordpress.com,323-31-9857,291672015-4,c45e635f-7d3a-4fb4-8b01-5a925491cdaf,6761942446433312086,Please change my number to 660-528-9690. Thanks
yelliman7@amazon.co.jp,599-04-0514,743442986-0,c8a8a761-077e-434c-978f-085e5a2222bb,372301921369742,Please change my number to 516-262-9496. Thanks
mscading8@statcounter.com,765-10-7106,360292826-8,caf05b1a-741b-4530-b64c-7dfc8d5dadd6,201756288766417,Please change my number to 235-748-7265. Thanks
pcreasy9@cdc.gov,469-77-7524,652644860-7,6fd382a3-2deb-499e-8088-dda851fdae58,4041597714402433,Please change my number to 629-312-7918. Thanks
lovanesiana@omniture.com,223-24-5170,003597604-7,988280b3-d10f-479e-8e8d-cfbdf2e17e8f,3581826220735293,Please change my number to 318-865-3799. Thanks
rfrancieb@uol.com.br,359-34-7532,660862867-6,06bd053b-3586-41fd-b280-66dec90b5185,5100139158465306,Please change my number to 814-871-1253. Thanks
wkubinc@usatoday.com,519-53-8515,786972140-9,b7ce1246-5627-4ca5-aa24-0a2bc112b13e,3577291275087015,Please change my number to 407-785-6771. Thanks
amckillopd@lycos.com,670-75-1528,407137766-6,9e25728d-d5cf-4a51-bbeb-3575a4accae7,3.58517E+15,Please change my number to 711-701-7849. Thanks
jlocale@ucla.edu,157-93-4497,977535333-5,3e3767a9-35cc-4570-b964-d62cd2357dc0,201495489375419,Please change my number to 885-937-0943. Thanks
mwynef@360.cn,198-16-8336,471285165-1,655e571f-0bb6-4891-a571-07937510d498,3581070192148785,Please change my number to 974-408-0952. Thanks
cdesboroughg@spotify.com,888-29-1302,442746306-1,2614d7ef-6e5d-41ad-aa69-5b92a7272071,3550775950894068,Please change my number to 365-520-3650. Thanks
gbrunetonh@reuters.com,552-48-7083,142917585-0,057152be-5691-481f-bffb-5a9ea3c3070b,3.58395E+15,Please change my number to 709-874-4384. Thanks
pubanki@gov.uk,322-40-2860,872947046-3,c1fef6fb-23e7-4be2-aa5e-7677ed2488b7,3553357981736431,Please change my number to 222-208-9856. Thanks
lweaferj@a8.net,622-34-8430,132657101-X,04700b51-6de5-4f9c-ab39-305a42f91a1e,3549561120841336,Please change my number to 514-824-3733. Thanks
tfoatk@washington.edu,537-34-6720,954592957-X,f993ea52-7d1f-488f-8acd-a2acf7a0516a,30171410706959,Please change my number to 514-678-9813. Thanks
khaddestonl@mashable.com,851-42-0811,048722782-4,3074aa88-a0d4-4603-8dab-b19e1b653b42,6759222368862763651,Please change my number to 444-205-5846. Thanks
eculwenm@google.pl,359-94-7475,993970529-8,b0b822d8-a68b-4061-bfdc-ae041ceb5f5a,3570783799393298,Please change my number to 560-336-5702. Thanks
mpluviern@phpbb.com,598-33-8084,974049650-4,da73f9b0-7dcf-48a5-937f-1dba99164655,6386305745972889,Please change my number to 181-410-1998. Thanks
rromagosao@reverbnation.com,838-20-4571,375573851-1,4f633fa5-c17e-4317-a806-3c68cc6d3e0f,374283035062520,Please change my number to 915-720-3942. Thanks
cthomlinsonp@umn.edu,113-16-6239,489272962-0,c3943bce-97eb-463f-9ff7-8fe720fe6e7e,3575402140268183,Please change my number to 576-968-6811. Thanks
lpoacherq@sourceforge.net,347-89-0657,496237432-X,dac2cc5b-6067-478a-90aa-f3d2789fbecf,5602215690416313,Please change my number to 647-833-0754. Thanks
ewyther@wordpress.org,245-40-7727,759625896-4,049fb387-07ca-4eb7-901a-21f09295bc3a,3566578672234254,Please change my number to 209-190-4500. Thanks
jarnleys@comcast.net,806-47-1823,495956180-7,70221975-e797-4b10-bf6a-3913494d6257,5277260663556913,Please change my number to 255-953-8277. Thanks
zmundowt@seesaa.net,450-40-7802,867932559-7,263ffb6b-a237-40ca-a5de-66492f53727c,3566601346222347,Please change my number to 349-930-8493. Thanks
oscriveru@phoca.cz,804-31-9276,697442379-9,9ff2538e-f96c-494b-b736-1b65588d4a29,3569356597441321,Please change my number to 426-329-2095. Thanks
hcallicottv@usatoday.com,139-80-0582,985560117-3,be167303-1cdb-403c-8dad-483e258c651f,6706848476776940599,Please change my number to 847-769-5100. Thanks
lscophamw@indiatimes.com,456-01-7086,570515085-7,20e36303-46d3-48bb-951d-a56837ba21bd,3540822691080335,Please change my number to 960-458-0558. Thanks
jspringtorpx@nbcnews.com,517-04-2384,802072233-5,bd303996-3564-4115-8683-e98d67930198,3544824184445377,Please change my number to 984-302-0484. Thanks
dhegertyy@ning.com,772-42-6643,425295645-5,3de5e103-0a75-4011-91b0-1bf68f86b06d,5.60225E+15,Please change my number to 962-935-4165. Thanks
oaggetz@dailymail.co.uk,745-79-7260,130807612-6,f45ca7c1-ddb2-4e14-aa4c-2a1aa5a00eba,3563235115051083,Please change my number to 729-797-2127. Thanks
ffrancklyn10@msu.edu,891-21-6879,003395785-1,d50e2bbc-e572-4b02-84ee-f46858f4b7ad,5100148386238567,Please change my number to 744-407-9637. Thanks
hbooij11@uol.com.br,381-98-5697,788625295-0,a7a06891-e66c-4c04-aacc-6e43ed8f2863,06043068186407485,Please change my number to 516-872-1903. Thanks
schellenham12@multiply.com,806-77-2406,879162128-3,a2b7e174-5a40-4d59-ac79-d821c5bb16af,337941168442043,Please change my number to 924-639-0620. Thanks
mhumbert13@unblog.fr,182-99-1190,980541033-1,5029c36e-4063-4972-a703-cb79c9d2dcbd,337941500425995,Please change my number to 875-181-0703. Thanks
bstanway14@netvibes.com,820-86-4303,335831021-3,7c628f8e-b676-43d4-b8d2-1c0e85c1274a,3552289688456651,Please change my number to 921-977-0673. Thanks
bhenric15@google.nl,287-19-4294,773752551-3,41f22b81-7565-4372-a23c-8190ff61d565,67594721081626766,Please change my number to 472-760-0017. Thanks
kmcaline16@goo.gl,495-21-6544,492875141-8,b0f00ac3-cbf4-43c0-835e-685f92e3db39,6374977194460428,Please change my number to 383-308-2077. Thanks
kcox17@xing.com,664-85-8810,884853371-X,8e527f22-3323-4111-b1d9-62c59c08895b,3579871157586776,Please change my number to 107-698-9754. Thanks
ldrage18@wired.com,723-78-9702,804875939-X,04ffdbca-5d0f-4e6f-aff8-474c6e6c015c,344288360257246,Please change my number to 718-437-9686. Thanks
gaskaw19@answers.com,562-77-9101,905677078-0,8c3e5744-78fd-4c48-888e-8f4a7989016f,5602242803018885,Please change my number to 750-201-1099. Thanks
dmarple1a@patch.com,558-46-8489,602478837-1,ff901959-bc9d-4f53-a507-bcb538da4a0a,30192857856552,Please change my number to 846-872-8549. Thanks
mpavlov1b@trellian.com,172-43-0112,440872264-2,c2fe5354-1145-4a8a-a2fa-2169c918c72f,345097143715423,Please change my number to 314-288-1146. Thanks
braden1c@odnoklassniki.ru,784-47-7427,990811156-6,e686220e-65a3-4b89-aeb1-e4d0eaabc2a1,3586751635079522,Please change my number to 230-931-2449. Thanks
gdragoe1d@twitter.com,172-61-6048,695558203-8,24b36b95-83a4-4f5d-8c2a-285d03f4f905,3.54585E+15,Please change my number to 526-596-0774. Thanks
bturbayne1e@zdnet.com,890-31-6310,782851581-2,39dd6dc6-170a-4b40-ba0d-e0641aab000b,374622897585658,Please change my number to 112-346-3216. Thanks
amarcoolyn1f@yahoo.com,838-01-1082,186333229-4,96e5270e-5e22-4652-8f2d-95636e209326,5418942770120499,Please change my number to 219-837-8664. Thanks
hhowell1g@over-blog.com,765-11-7985,358307028-3,3bb365cb-0c8e-452e-aa2c-2ad91b9b27f5,3552405867147842,Please change my number to 386-422-5439. Thanks
mbysshe1h@google.co.jp,340-89-3083,226961550-6,8e290a55-4669-4d58-91c9-0fd57d06acf6,490586331932349982,Please change my number to 765-870-6519. Thanks
cedowes1i@who.int,210-63-8063,524788919-3,9a2ff263-9110-4209-87f6-b048ef1de0c2,3552911564755639,Please change my number to 489-105-7582. Thanks
obuglass1j@gnu.org,846-35-7852,017686237-4,e3149d08-72a0-4476-801c-3a8284f10bd4,201439992265527,Please change my number to 712-297-1195. Thanks
ttowriss1k@blogspot.com,764-88-9136,318946136-8,8ac960ec-302f-4c03-8f34-7810893069b9,3588541404987494,Please change my number to 266-154-1940. Thanks
cmedmore1l@printfriendly.com,743-90-7246,576653792-1,e4e208ce-2024-43ec-8870-6c4253dd005b,372301860413410,Please change my number to 289-535-6918. Thanks
dmaccallister1m@hexun.com,886-90-7348,528679826-8,eed49e38-a452-4a85-bf94-fc43af8b5f6d,4508066636834996,Please change my number to 517-183-0077. Thanks
fclelle1n@indiegogo.com,332-38-4041,668858434-4,2f230c07-6b7d-4fc8-b0ce-f18b45b964b7,3549032620053251,Please change my number to 936-466-3454. Thanks
bjagiello1o@storify.com,869-99-8798,668190535-8,a5028d4a-97f3-488a-b1b9-67de446e9f4a,5440037385398705,Please change my number to 666-335-0275. Thanks
aseamans1p@vk.com,140-79-3609,687886189-6,abf7e2bb-e379-45f0-96ac-1accf32ff000,5602246724730597579,Please change my number to 880-816-3547. Thanks
gmichelin1q@prlog.org,726-11-8778,003937529-3,dd5c2b76-e753-4fac-8d37-7672a9f8b753,3587898982746135,Please change my number to 360-221-7985. Thanks
plicas1r@vkontakte.ru,545-96-5546,616750177-7,15babc55-ea2e-4a77-9ba5-cf4c7bb7ab76,6763892124663323265,Please change my number to 702-704-8397. Thanks
vcoatman1s@gnu.org,597-04-4400,782413536-5,d0b02774-4b83-4c39-b7b6-ae77fc56b868,3555435405133704,Please change my number to 711-713-2543. Thanks
apridie1t@deliciousdays.com,155-60-0565,761018736-4,eaa1bad9-8a1c-4906-bf79-4e9b52db73a2,3584224948081959,Please change my number to 329-966-3828. Thanks
mmanvell1u@booking.com,614-95-7388,151988900-3,998994e1-399c-4daf-ae06-cc16cd15e40b,201450135796534,Please change my number to 468-683-1518. Thanks
wnickerson1v@tinypic.com,795-07-0614,867621566-9,67d56d80-d44c-42ab-b210-ccf671a5e96b,6759715069320413806,Please change my number to 535-857-2502. Thanks
mdanovich1w@google.com.au,259-33-7002,970807162-5,805f3675-5d4c-4286-bd60-baafa3b01d60,30558178400496,Please change my number to 245-967-8165. Thanks
mvanarsdall1x@devhub.com,781-68-0141,117227538-6,7e88cf3d-85b9-4247-9e74-3450cdcd6193,3566954589188687,Please change my number to 591-891-8136. Thanks
mbourley1y@1und1.de,834-99-3080,576531701-4,78165cf7-6d58-4485-a6da-c1ad7ed7de79,3.53309E+15,Please change my number to 154-320-8835. Thanks
tflintiff1z@google.com.hk,521-71-9703,581431135-5,00dd5620-4f7f-415f-8a96-bb3a2f35ea3f,374283917603540,Please change my number to 405-389-0151. Thanks
lguymer20@businessweek.com,636-52-9364,775696873-5,af88e7e4-4281-4ebf-99d0-a1932be04c11,30245269431388,Please change my number to 131-553-5335. Thanks
rdewdney21@tmall.com,560-21-0178,985347199-X,caa052c6-fe31-497d-a3d6-129c3c0c28bc,4041593338294876,Please change my number to 654-555-1592. Thanks
sscambler22@facebook.com,718-61-4516,874446350-2,3164aaa2-9539-4749-bde3-2146a4089033,4903417055483214,Please change my number to 180-686-8495. Thanks
tloftie23@redcross.org,556-51-2366,173491514-5,0582bccc-da0a-441a-b198-08cb21a9edd1,5641823581270962608,Please change my number to 593-808-6545. Thanks
darents24@harvard.edu,822-58-2809,542216681-7,274fe5fb-a760-4c1a-86d1-afc28772e62c,30276841716988,Please change my number to 866-201-5400. Thanks
equincee25@blinklist.com,509-27-2806,728218777-0,0907faf0-8453-471e-a072-b961b0437dbe,5100170988867379,Please change my number to 334-608-6414. Thanks
adiangelo26@yellowbook.com,603-86-2908,052665445-7,af10e25b-ff37-4dfe-92bc-a1a5bc863a40,346247493434773,Please change my number to 623-584-2275. Thanks
rrohlfing27@wp.com,364-34-3620,025442170-9,1e0e26ce-be1f-4bde-8a0e-475df3d89f7e,5.01013E+15,Please change my number to 243-577-3618. Thanks
hskeels28@etsy.com,233-66-9637,656673182-2,b7934615-00c1-41c6-ad55-6ece9b347cf7,3557361953275762,Please change my number to 461-950-6790. Thanks
myakovlev29@phoca.cz,425-63-1939,523367510-2,2fddaffc-9d1b-43f6-adb6-1c0dd8ab2b88,5602242301824867,Please change my number to 704-466-0315. Thanks
civankin2a@a8.net,129-31-9980,586752834-0,de3e6259-c930-46c6-b1fe-db2baf3520de,6377379390708444,Please change my number to 716-254-0344. Thanks
simeson2b@cnet.com,259-14-6965,192322563-4,8a3310e4-3597-416e-8d8c-b50c20ded461,3.58548E+15,Please change my number to 194-397-3748. Thanks
kdonnan2c@thetimes.co.uk,431-32-2931,163563050-9,7384133c-074b-4f1d-96ad-cf57770410aa,3563799694685207,Please change my number to 646-213-3851. Thanks
hskarin2d@phoca.cz,267-45-4513,086990286-5,e8f75635-f5ae-4a79-b1c9-132c4965f983,3582127787682955,Please change my number to 186-909-9358. Thanks
ttroutbeck2e@imageshack.us,641-94-8857,829119241-3,90c9bd8b-be8f-4515-8580-3f24880b3519,5602214549269817,Please change my number to 581-925-0844. Thanks
itollemache2f@hugedomains.com,380-83-5966,012365365-7,472c303f-d619-4c8c-92c5-783154d3c1c9,5048375026047711,Please change my number to 842-293-5088. Thanks
mstanesby2g@china.com.cn,155-20-2405,420950351-7,8a226210-0883-465a-944f-632c495250db,5553627258019827,Please change my number to 468-880-7765. Thanks
charding2h@alibaba.com,762-26-1410,551646323-8,5ac80e22-f70a-405b-b379-866f693daf6c,5388114770154557,Please change my number to 976-637-2799. Thanks
elhommee2i@statcounter.com,820-47-7527,164062052-4,29311123-e0c9-42f6-b1fd-a6030e7b9de8,5002357871065943,Please change my number to 781-552-9568. Thanks
qredman2j@networksolutions.com,763-61-9836,398032344-7,9afd575d-ca7d-4281-89cf-154071c5333e,5114111328028177,Please change my number to 353-294-5958. Thanks
ningham2k@edublogs.org,253-64-3478,503867261-2,a7277e7d-e449-45eb-9995-103763108e9a,337941196090616,Please change my number to 290-686-7131. Thanks
rstealey2l@nationalgeographic.com,586-24-4926,701095879-3,f929202d-3aa3-4ae2-ada6-7092c33058b3,5602230659413975981,Please change my number to 400-685-7777. Thanks
tboggers2m@ow.ly,318-28-0499,936857401-4,2ce53021-c62f-46f7-b0f2-abe77027f231,3589264011456873,Please change my number to 656-865-0679. Thanks
aruffles2n@chicagotribune.com,223-28-1968,652294113-9,d92bd851-fd1d-4007-891f-6a7102d33184,3589945193168266,Please change my number to 835-665-5804. Thanks
jjessop2o@gravatar.com,687-60-8860,283157000-X,1e400674-5240-46d5-bd1f-badf82e52926,3546617371604428,Please change my number to 958-935-9405. Thanks
hmebius2p@google.de,183-74-8183,350575587-7,9d902f49-4ac1-4386-8201-73e624416017,201635907601389,Please change my number to 321-388-0330. Thanks
rpopworth2q@moonfruit.com,111-73-6810,711104940-3,a3fbbb6f-41d9-4aec-8f86-ed8672fab58e,4844033211500841,Please change my number to 500-786-7081. Thanks
ofakeley0@elpais.com,607-82-9963,679647039-7,5433c541-a735-4783-ac1b-bdb1f95ba7b5,6706970503473868,Please change my number to 203-329-2532. Thanks
cstubbington1@ibm.com,543-43-5623,466928803-2,b2892e74-9588-4c23-9645-ea4fdf4729e8,3549127839068106,Please change my number to 674-486-9054. Thanks
ekaman2@home.pl,231-68-8007,242426152-0,ce7e4400-92ea-4ba9-8758-5c6215b68b47,201665969359626,Please change my number to 430-349-3493. Thanks
kfoukx3@marriott.com,649-13-1124,938973332-4,5c5354aa-2c90-4953-86ba-da980744cb22,3537909533350805,Please change my number to 748-378-0076. Thanks
bbrahms4@time.com,751-05-9457,415982138-3,ae9dc910-490e-4b78-a4ff-f4ed30d87bd1,3550347450579522,Please change my number to 254-629-4315. Thanks
ogotmann5@tamu.edu,573-37-7766,169951198-5,c8a51ad7-c4f6-422d-bfd3-14900926eaca,201866351141156,Please change my number to 109-824-8592. Thanks
gtrawin6@wordpress.com,323-31-9857,291672015-4,c45e635f-7d3a-4fb4-8b01-5a925491cdaf,6761942446433312086,Please change my number to 660-528-9690. Thanks
yelliman7@amazon.co.jp,599-04-0514,743442986-0,c8a8a761-077e-434c-978f-085e5a2222bb,372301921369742,Please change my number to 516-262-9496. Thanks
mscading8@statcounter.com,765-10-7106,360292826-8,caf05b1a-741b-4530-b64c-7dfc8d5dadd6,201756288766417,Please change my number to 235-748-7265. Thanks
pcreasy9@cdc.gov,469-77-7524,652644860-7,6fd382a3-2deb-499e-8088-dda851fdae58,4041597714402433,Please change my number to 629-312-7918. Thanks
lovanesiana@omniture.com,223-24-5170,003597604-7,988280b3-d10f-479e-8e8d-cfbdf2e17e8f,3581826220735293,Please change my number to 318-865-3799. Thanks
rfrancieb@uol.com.br,359-34-7532,660862867-6,06bd053b-3586-41fd-b280-66dec90b5185,5100139158465306,Please change my number to 814-871-1253. Thanks
wkubinc@usatoday.com,519-53-8515,786972140-9,b7ce1246-5627-4ca5-aa24-0a2bc112b13e,3577291275087015,Please change my number to 407-785-6771. Thanks
amckillopd@lycos.com,670-75-1528,407137766-6,9e25728d-d5cf-4a51-bbeb-3575a4accae7,3.58517E+15,Please change my number to 711-701-7849. Thanks
jlocale@ucla.edu,157-93-4497,977535333-5,3e3767a9-35cc-4570-b964-d62cd2357dc0,201495489375419,Please change my number to 885-937-0943. Thanks
mwynef@360.cn,198-16-8336,471285165-1,655e571f-0bb6-4891-a571-07937510d498,3581070192148785,Please change my number to 974-408-0952. Thanks
cdesboroughg@spotify.com,888-29-1302,442746306-1,2614d7ef-6e5d-41ad-aa69-5b92a7272071,3550775950894068,Please change my number to 365-520-3650. Thanks
gbrunetonh@reuters.com,552-48-7083,142917585-0,057152be-5691-481f-bffb-5a9ea3c3070b,3.58395E+15,Please change my number to 709-874-4384. Thanks
pubanki@gov.uk,322-40-2860,872947046-3,c1fef6fb-23e7-4be2-aa5e-7677ed2488b7,3553357981736431,Please change my number to 222-208-9856. Thanks
lweaferj@a8.net,622-34-8430,132657101-X,04700b51-6de5-4f9c-ab39-305a42f91a1e,3549561120841336,Please change my number to 514-824-3733. Thanks
tfoatk@washington.edu,537-34-6720,954592957-X,f993ea52-7d1f-488f-8acd-a2acf7a0516a,30171410706959,Please change my number to 514-678-9813. Thanks
khaddestonl@mashable.com,851-42-0811,048722782-4,3074aa88-a0d4-4603-8dab-b19e1b653b42,6759222368862763651,Please change my number to 444-205-5846. Thanks
eculwenm@google.pl,359-94-7475,993970529-8,b0b822d8-a68b-4061-bfdc-ae041ceb5f5a,3570783799393298,Please change my number to 560-336-5702. Thanks
mpluviern@phpbb.com,598-33-8084,974049650-4,da73f9b0-7dcf-48a5-937f-1dba99164655,6386305745972889,Please change my number to 181-410-1998. Thanks
rromagosao@reverbnation.com,838-20-4571,375573851-1,4f633fa5-c17e-4317-a806-3c68cc6d3e0f,374283035062520,Please change my number to 915-720-3942. Thanks
cthomlinsonp@umn.edu,113-16-6239,489272962-0,c3943bce-97eb-463f-9ff7-8fe720fe6e7e,3575402140268183,Please change my number to 576-968-6811. Thanks
lpoacherq@sourceforge.net,347-89-0657,496237432-X,dac2cc5b-6067-478a-90aa-f3d2789fbecf,5602215690416313,Please change my number to 647-833-0754. Thanks
ewyther@wordpress.org,245-40-7727,759625896-4,049fb387-07ca-4eb7-901a-21f09295bc3a,3566578672234254,Please change my number to 209-190-4500. Thanks
jarnleys@comcast.net,806-47-1823,495956180-7,70221975-e797-4b10-bf6a-3913494d6257,5277260663556913,Please change my number to 255-953-8277. Thanks
zmundowt@seesaa.net,450-40-7802,867932559-7,263ffb6b-a237-40ca-a5de-66492f53727c,3566601346222347,Please change my number to 349-930-8493. Thanks
oscriveru@phoca.cz,804-31-9276,697442379-9,9ff2538e-f96c-494b-b736-1b65588d4a29,3569356597441321,Please change my number to 426-329-2095. Thanks
hcallicottv@usatoday.com,139-80-0582,985560117-3,be167303-1cdb-403c-8dad-483e258c651f,6706848476776940599,Please change my number to 847-769-5100. Thanks
lscophamw@indiatimes.com,456-01-7086,570515085-7,20e36303-46d3-48bb-951d-a56837ba21bd,3540822691080335,Please change my number to 960-458-0558. Thanks
jspringtorpx@nbcnews.com,517-04-2384,802072233-5,bd303996-3564-4115-8683-e98d67930198,3544824184445377,Please change my number to 984-302-0484. Thanks
dhegertyy@ning.com,772-42-6643,425295645-5,3de5e103-0a75-4011-91b0-1bf68f86b06d,5.60225E+15,Please change my number to 962-935-4165. Thanks
oaggetz@dailymail.co.uk,745-79-7260,130807612-6,f45ca7c1-ddb2-4e14-aa4c-2a1aa5a00eba,3563235115051083,Please change my number to 729-797-2127. Thanks
ffrancklyn10@msu.edu,891-21-6879,003395785-1,d50e2bbc-e572-4b02-84ee-f46858f4b7ad,5100148386238567,Please change my number to 744-407-9637. Thanks
hbooij11@uol.com.br,381-98-5697,788625295-0,a7a06891-e66c-4c04-aacc-6e43ed8f2863,06043068186407485,Please change my number to 516-872-1903. Thanks
schellenham12@multiply.com,806-77-2406,879162128-3,a2b7e174-5a40-4d59-ac79-d821c5bb16af,337941168442043,Please change my number to 924-639-0620. Thanks
mhumbert13@unblog.fr,182-99-1190,980541033-1,5029c36e-4063-4972-a703-cb79c9d2dcbd,337941500425995,Please change my number to 875-181-0703. Thanks
bstanway14@netvibes.com,820-86-4303,335831021-3,7c628f8e-b676-43d4-b8d2-1c0e85c1274a,3552289688456651,Please change my number to 921-977-0673. Thanks
bhenric15@google.nl,287-19-4294,773752551-3,41f22b81-7565-4372-a23c-8190ff61d565,67594721081626766,Please change my number to 472-760-0017. Thanks
kmcaline16@goo.gl,495-21-6544,492875141-8,b0f00ac3-cbf4-43c0-835e-685f92e3db39,6374977194460428,Please change my number to 383-308-2077. Thanks
kcox17@xing.com,664-85-8810,884853371-X,8e527f22-3323-4111-b1d9-62c59c08895b,3579871157586776,Please change my number to 107-698-9754. Thanks
ldrage18@wired.com,723-78-9702,804875939-X,04ffdbca-5d0f-4e6f-aff8-474c6e6c015c,344288360257246,Please change my number to 718-437-9686. Thanks
gaskaw19@answers.com,562-77-9101,905677078-0,8c3e5744-78fd-4c48-888e-8f4a7989016f,5602242803018885,Please change my number to 750-201-1099. Thanks
dmarple1a@patch.com,558-46-8489,602478837-1,ff901959-bc9d-4f53-a507-bcb538da4a0a,30192857856552,Please change my number to 846-872-8549. Thanks
mpavlov1b@trellian.com,172-43-0112,440872264-2,c2fe5354-1145-4a8a-a2fa-2169c918c72f,345097143715423,Please change my number to 314-288-1146. Thanks
braden1c@odnoklassniki.ru,784-47-7427,990811156-6,e686220e-65a3-4b89-aeb1-e4d0eaabc2a1,3586751635079522,Please change my number to 230-931-2449. Thanks
gdragoe1d@twitter.com,172-61-6048,695558203-8,24b36b95-83a4-4f5d-8c2a-285d03f4f905,3.54585E+15,Please change my number to 526-596-0774. Thanks
bturbayne1e@zdnet.com,890-31-6310,782851581-2,39dd6dc6-170a-4b40-ba0d-e0641aab000b,374622897585658,Please change my number to 112-346-3216. Thanks
amarcoolyn1f@yahoo.com,838-01-1082,186333229-4,96e5270e-5e22-4652-8f2d-95636e209326,5418942770120499,Please change my number to 219-837-8664. Thanks
hhowell1g@over-blog.com,765-11-7985,358307028-3,3bb365cb-0c8e-452e-aa2c-2ad91b9b27f5,3552405867147842,Please change my number to 386-422-5439. Thanks
mbysshe1h@google.co.jp,340-89-3083,226961550-6,8e290a55-4669-4d58-91c9-0fd57d06acf6,490586331932349982,Please change my number to 765-870-6519. Thanks
cedowes1i@who.int,210-63-8063,524788919-3,9a2ff263-9110-4209-87f6-b048ef1de0c2,3552911564755639,Please change my number to 489-105-7582. Thanks
obuglass1j@gnu.org,846-35-7852,017686237-4,e3149d08-72a0-4476-801c-3a8284f10bd4,201439992265527,Please change my number to 712-297-1195. Thanks
ttowriss1k@blogspot.com,764-88-9136,318946136-8,8ac960ec-302f-4c03-8f34-7810893069b9,3588541404987494,Please change my number to 266-154-1940. Thanks
cmedmore1l@printfriendly.com,743-90-7246,576653792-1,e4e208ce-2024-43ec-8870-6c4253dd005b,372301860413410,Please change my number to 289-535-6918. Thanks
dmaccallister1m@hexun.com,886-90-7348,528679826-8,eed49e38-a452-4a85-bf94-fc43af8b5f6d,4508066636834996,Please change my number to 517-183-0077. Thanks
fclelle1n@indiegogo.com,332-38-4041,668858434-4,2f230c07-6b7d-4fc8-b0ce-f18b45b964b7,3549032620053251,Please change my number to 936-466-3454. Thanks
bjagiello1o@storify.com,869-99-8798,668190535-8,a5028d4a-97f3-488a-b1b9-67de446e9f4a,5440037385398705,Please change my number to 666-335-0275. Thanks
aseamans1p@vk.com,140-79-3609,687886189-6,abf7e2bb-e379-45f0-96ac-1accf32ff000,5602246724730597579,Please change my number to 880-816-3547. Thanks
gmichelin1q@prlog.org,726-11-8778,003937529-3,dd5c2b76-e753-4fac-8d37-7672a9f8b753,3587898982746135,Please change my number to 360-221-7985. Thanks
plicas1r@vkontakte.ru,545-96-5546,616750177-7,15babc55-ea2e-4a77-9ba5-cf4c7bb7ab76,6763892124663323265,Please change my number to 702-704-8397. Thanks
vcoatman1s@gnu.org,597-04-4400,782413536-5,d0b02774-4b83-4c39-b7b6-ae77fc56b868,3555435405133704,Please change my number to 711-713-2543. Thanks
apridie1t@deliciousdays.com,155-60-0565,761018736-4,eaa1bad9-8a1c-4906-bf79-4e9b52db73a2,3584224948081959,Please change my number to 329-966-3828. Thanks
mmanvell1u@booking.com,614-95-7388,151988900-3,998994e1-399c-4daf-ae06-cc16cd15e40b,201450135796534,Please change my number to 468-683-1518. Thanks
wnickerson1v@tinypic.com,795-07-0614,867621566-9,67d56d80-d44c-42ab-b210-ccf671a5e96b,6759715069320413806,Please change my number to 535-857-2502. Thanks
mdanovich1w@google.com.au,259-33-7002,970807162-5,805f3675-5d4c-4286-bd60-baafa3b01d60,30558178400496,Please change my number to 245-967-8165. Thanks
mvanarsdall1x@devhub.com,781-68-0141,117227538-6,7e88cf3d-85b9-4247-9e74-3450cdcd6193,3566954589188687,Please change my number to 591-891-8136. Thanks
mbourley1y@1und1.de,834-99-3080,576531701-4,78165cf7-6d58-4485-a6da-c1ad7ed7de79,3.53309E+15,Please change my number to 154-320-8835. Thanks
tflintiff1z@google.com.hk,521-71-9703,581431135-5,00dd5620-4f7f-415f-8a96-bb3a2f35ea3f,374283917603540,Please change my number to 405-389-0151. Thanks
lguymer20@businessweek.com,636-52-9364,775696873-5,af88e7e4-4281-4ebf-99d0-a1932be04c11,30245269431388,Please change my number to 131-553-5335. Thanks
rdewdney21@tmall.com,560-21-0178,985347199-X,caa052c6-fe31-497d-a3d6-129c3c0c28bc,4041593338294876,Please change my number to 654-555-1592. Thanks
sscambler22@facebook.com,718-61-4516,874446350-2,3164aaa2-9539-4749-bde3-2146a4089033,4903417055483214,Please change my number to 180-686-8495. Thanks
tloftie23@redcross.org,556-51-2366,173491514-5,0582bccc-da0a-441a-b198-08cb21a9edd1,5641823581270962608,Please change my number to 593-808-6545. Thanks
darents24@harvard.edu,822-58-2809,542216681-7,274fe5fb-a760-4c1a-86d1-afc28772e62c,30276841716988,Please change my number to 866-201-5400. Thanks
equincee25@blinklist.com,509-27-2806,728218777-0,0907faf0-8453-471e-a072-b961b0437dbe,5100170988867379,Please change my number to 334-608-6414. Thanks
adiangelo26@yellowbook.com,603-86-2908,052665445-7,af10e25b-ff37-4dfe-92bc-a1a5bc863a40,346247493434773,Please change my number to 623-584-2275. Thanks
rrohlfing27@wp.com,364-34-3620,025442170-9,1e0e26ce-be1f-4bde-8a0e-475df3d89f7e,5.01013E+15,Please change my number to 243-577-3618. Thanks
hskeels28@etsy.com,233-66-9637,656673182-2,b7934615-00c1-41c6-ad55-6ece9b347cf7,3557361953275762,Please change my number to 461-950-6790. Thanks
myakovlev29@phoca.cz,425-63-1939,523367510-2,2fddaffc-9d1b-43f6-adb6-1c0dd8ab2b88,5602242301824867,Please change my number to 704-466-0315. Thanks
civankin2a@a8.net,129-31-9980,586752834-0,de3e6259-c930-46c6-b1fe-db2baf3520de,6377379390708444,Please change my number to 716-254-0344. Thanks
simeson2b@cnet.com,259-14-6965,192322563-4,8a3310e4-3597-416e-8d8c-b50c20ded461,3.58548E+15,Please change my number to 194-397-3748. Thanks
kdonnan2c@thetimes.co.uk,431-32-2931,163563050-9,7384133c-074b-4f1d-96ad-cf57770410aa,3563799694685207,Please change my number to 646-213-3851. Thanks
hskarin2d@phoca.cz,267-45-4513,086990286-5,e8f75635-f5ae-4a79-b1c9-132c4965f983,3582127787682955,Please change my number to 186-909-9358. Thanks
ttroutbeck2e@imageshack.us,641-94-8857,829119241-3,90c9bd8b-be8f-4515-8580-3f24880b3519,5602214549269817,Please change my number to 581-925-0844. Thanks
itollemache2f@hugedomains.com,380-83-5966,012365365-7,472c303f-d619-4c8c-92c5-783154d3c1c9,5048375026047711,Please change my number to 842-293-5088. Thanks
mstanesby2g@china.com.cn,155-20-2405,420950351-7,8a226210-0883-465a-944f-632c495250db,5553627258019827,Please change my number to 468-880-7765. Thanks
charding2h@alibaba.com,762-26-1410,551646323-8,5ac80e22-f70a-405b-b379-866f693daf6c,5388114770154557,Please change my number to 976-637-2799. Thanks
elhommee2i@statcounter.com,820-47-7527,164062052-4,29311123-e0c9-42f6-b1fd-a6030e7b9de8,5002357871065943,Please change my number to 781-552-9568. Thanks
qredman2j@networksolutions.com,763-61-9836,398032344-7,9afd575d-ca7d-4281-89cf-154071c5333e,5114111328028177,Please change my number to 353-294-5958. Thanks
ningham2k@edublogs.org,253-64-3478,503867261-2,a7277e7d-e449-45eb-9995-103763108e9a,337941196090616,Please change my number to 290-686-7131. Thanks
rstealey2l@nationalgeographic.com,586-24-4926,701095879-3,f929202d-3aa3-4ae2-ada6-7092c33058b3,5602230659413975981,Please change my number to 400-685-7777. Thanks
tboggers2m@ow.ly,318-28-0499,936857401-4,2ce53021-c62f-46f7-b0f2-abe77027f231,3589264011456873,Please change my number to 656-865-0679. Thanks
aruffles2n@chicagotribune.com,223-28-1968,652294113-9,d92bd851-fd1d-4007-891f-6a7102d33184,3589945193168266,Please change my number to 835-665-5804. Thanks
jjessop2o@gravatar.com,687-60-8860,283157000-X,1e400674-5240-46d5-bd1f-badf82e52926,3546617371604428,Please change my number to 958-935-9405. Thanks
hmebius2p@google.de,183-74-8183,350575587-7,9d902f49-4ac1-4386-8201-73e624416017,201635907601389,Please change my number to 321-388-0330. Thanks
rpopworth2q@moonfruit.com,111-73-6810,711104940-3,a3fbbb6f-41d9-4aec-8f86-ed8672fab58e,4844033211500841,Please change my number to 500-786-7081. Thanks
ofakeley0@elpais.com,607-82-9963,679647039-7,5433c541-a735-4783-ac1b-bdb1f95ba7b5,6706970503473868,Please change my number to 203-329-2532. Thanks
cstubbington1@ibm.com,543-43-5623,466928803-2,b2892e74-9588-4c23-9645-ea4fdf4729e8,3549127839068106,Please change my number to 674-486-9054. Thanks
ekaman2@home.pl,231-68-8007,242426152-0,ce7e4400-92ea-4ba9-8758-5c6215b68b47,201665969359626,Please change my number to 430-349-3493. Thanks
kfoukx3@marriott.com,649-13-1124,938973332-4,5c5354aa-2c90-4953-86ba-da980744cb22,3537909533350805,Please change my number to 748-378-0076. Thanks
bbrahms4@time.com,751-05-9457,415982138-3,ae9dc910-490e-4b78-a4ff-f4ed30d87bd1,3550347450579522,Please change my number to 254-629-4315. Thanks
ogotmann5@tamu.edu,573-37-7766,169951198-5,c8a51ad7-c4f6-422d-bfd3-14900926eaca,201866351141156,Please change my number to 109-824-8592. Thanks
gtrawin6@wordpress.com,323-31-9857,291672015-4,c45e635f-7d3a-4fb4-8b01-5a925491cdaf,6761942446433312086,Please change my number to 660-528-9690. Thanks
yelliman7@amazon.co.jp,599-04-0514,743442986-0,c8a8a761-077e-434c-978f-085e5a2222bb,372301921369742,Please change my number to 516-262-9496. Thanks
mscading8@statcounter.com,765-10-7106,360292826-8,caf05b1a-741b-4530-b64c-7dfc8d5dadd6,201756288766417,Please change my number to 235-748-7265. Thanks
pcreasy9@cdc.gov,469-77-7524,652644860-7,6fd382a3-2deb-499e-8088-dda851fdae58,4041597714402433,Please change my number to 629-312-7918. Thanks
lovanesiana@omniture.com,223-24-5170,003597604-7,988280b3-d10f-479e-8e8d-cfbdf2e17e8f,3581826220735293,Please change my number to 318-865-3799. Thanks
rfrancieb@uol.com.br,359-34-7532,660862867-6,06bd053b-3586-41fd-b280-66dec90b5185,5100139158465306,Please change my number to 814-871-1253. Thanks
wkubinc@usatoday.com,519-53-8515,786972140-9,b7ce1246-5627-4ca5-aa24-0a2bc112b13e,3577291275087015,Please change my number to 407-785-6771. Thanks
amckillopd@lycos.com,670-75-1528,407137766-6,9e25728d-d5cf-4a51-bbeb-3575a4accae7,3.58517E+15,Please change my number to 711-701-7849. Thanks
jlocale@ucla.edu,157-93-4497,977535333-5,3e3767a9-35cc-4570-b964-d62cd2357dc0,201495489375419,Please change my number to 885-937-0943. Thanks
mwynef@360.cn,198-16-8336,471285165-1,655e571f-0bb6-4891-a571-07937510d498,3581070192148785,Please change my number to 974-408-0952. Thanks
cdesboroughg@spotify.com,888-29-1302,442746306-1,2614d7ef-6e5d-41ad-aa69-5b92a7272071,3550775950894068,Please change my number to 365-520-3650. Thanks
gbrunetonh@reuters.com,552-48-7083,142917585-0,057152be-5691-481f-bffb-5a9ea3c3070b,3.58395E+15,Please change my number to 709-874-4384. Thanks
pubanki@gov.uk,322-40-2860,872947046-3,c1fef6fb-23e7-4be2-aa5e-7677ed2488b7,3553357981736431,Please change my number to 222-208-9856. Thanks
lweaferj@a8.net,622-34-8430,132657101-X,04700b51-6de5-4f9c-ab39-305a42f91a1e,3549561120841336,Please change my number to 514-824-3733. Thanks
tfoatk@washington.edu,537-34-6720,954592957-X,f993ea52-7d1f-488f-8acd-a2acf7a0516a,30171410706959,Please change my number to 514-678-9813. Thanks
khaddestonl@mashable.com,851-42-0811,048722782-4,3074aa88-a0d4-4603-8dab-b19e1b653b42,6759222368862763651,Please change my number to 444-205-5846. Thanks
eculwenm@google.pl,359-94-7475,993970529-8,b0b822d8-a68b-4061-bfdc-ae041ceb5f5a,3570783799393298,Please change my number to 560-336-5702. Thanks
mpluviern@phpbb.com,598-33-8084,974049650-4,da73f9b0-7dcf-48a5-937f-1dba99164655,6386305745972889,Please change my number to 181-410-1998. Thanks
rromagosao@reverbnation.com,838-20-4571,375573851-1,4f633fa5-c17e-4317-a806-3c68cc6d3e0f,374283035062520,Please change my number to 915-720-3942. Thanks
cthomlinsonp@umn.edu,113-16-6239,489272962-0,c3943bce-97eb-463f-9ff7-8fe720fe6e7e,3575402140268183,Please change my number to 576-968-6811. Thanks
lpoacherq@sourceforge.net,347-89-0657,496237432-X,dac2cc5b-6067-478a-90aa-f3d2789fbecf,5602215690416313,Please change my number to 647-833-0754. Thanks
ewyther@wordpress.org,245-40-7727,759625896-4,049fb387-07ca-4eb7-901a-21f09295bc3a,3566578672234254,Please change my number to 209-190-4500. Thanks
jarnleys@comcast.net,806-47-1823,495956180-7,70221975-e797-4b10-bf6a-3913494d6257,5277260663556913,Please change my number to 255-953-8277. Thanks
zmundowt@seesaa.net,450-40-7802,867932559-7,263ffb6b-a237-40ca-a5de-66492f53727c,3566601346222347,Please change my number to 349-930-8493. Thanks
oscriveru@phoca.cz,804-31-9276,697442379-9,9ff2538e-f96c-494b-b736-1b65588d4a29,3569356597441321,Please change my number to 426-329-2095. Thanks
hcallicottv@usatoday.com,139-80-0582,985560117-3,be167303-1cdb-403c-8dad-483e258c651f,6706848476776940599,Please change my number to 847-769-5100. Thanks
lscophamw@indiatimes.com,456-01-7086,570515085-7,20e36303-46d3-48bb-951d-a56837ba21bd,3540822691080335,Please change my number to 960-458-0558. Thanks
jspringtorpx@nbcnews.com,517-04-2384,802072233-5,bd303996-3564-4115-8683-e98d67930198,3544824184445377,Please change my number to 984-302-0484. Thanks
dhegertyy@ning.com,772-42-6643,425295645-5,3de5e103-0a75-4011-91b0-1bf68f86b06d,5.60225E+15,Please change my number to 962-935-4165. Thanks
oaggetz@dailymail.co.uk,745-79-7260,130807612-6,f45ca7c1-ddb2-4e14-aa4c-2a1aa5a00eba,3563235115051083,Please change my number to 729-797-2127. Thanks
ffrancklyn10@msu.edu,891-21-6879,003395785-1,d50e2bbc-e572-4b02-84ee-f46858f4b7ad,5100148386238567,Please change my number to 744-407-9637. Thanks
hbooij11@uol.com.br,381-98-5697,788625295-0,a7a06891-e66c-4c04-aacc-6e43ed8f2863,06043068186407485,Please change my number to 516-872-1903. Thanks
schellenham12@multiply.com,806-77-2406,879162128-3,a2b7e174-5a40-4d59-ac79-d821c5bb16af,337941168442043,Please change my number to 924-639-0620. Thanks
mhumbert13@unblog.fr,182-99-1190,980541033-1,5029c36e-4063-4972-a703-cb79c9d2dcbd,337941500425995,Please change my number to 875-181-0703. Thanks
bstanway14@netvibes.com,820-86-4303,335831021-3,7c628f8e-b676-43d4-b8d2-1c0e85c1274a,3552289688456651,Please change my number to 921-977-0673. Thanks
bhenric15@google.nl,287-19-4294,773752551-3,41f22b81-7565-4372-a23c-8190ff61d565,67594721081626766,Please change my number to 472-760-0017. Thanks
kmcaline16@goo.gl,495-21-6544,492875141-8,b0f00ac3-cbf4-43c0-835e-685f92e3db39,6374977194460428,Please change my number to 383-308-2077. Thanks
kcox17@xing.com,664-85-8810,884853371-X,8e527f22-3323-4111-b1d9-62c59c08895b,3579871157586776,Please change my number to 107-698-9754. Thanks
ldrage18@wired.com,723-78-9702,804875939-X,04ffdbca-5d0f-4e6f-aff8-474c6e6c015c,344288360257246,Please change my number to 718-437-9686. Thanks
gaskaw19@answers.com,562-77-9101,905677078-0,8c3e5744-78fd-4c48-888e-8f4a7989016f,5602242803018885,Please change my number to 750-201-1099. Thanks
dmarple1a@patch.com,558-46-8489,602478837-1,ff901959-bc9d-4f53-a507-bcb538da4a0a,30192857856552,Please change my number to 846-872-8549. Thanks
mpavlov1b@trellian.com,172-43-0112,440872264-2,c2fe5354-1145-4a8a-a2fa-2169c918c72f,345097143715423,Please change my number to 314-288-1146. Thanks
braden1c@odnoklassniki.ru,784-47-7427,990811156-6,e686220e-65a3-4b89-aeb1-e4d0eaabc2a1,3586751635079522,Please change my number to 230-931-2449. Thanks
gdragoe1d@twitter.com,172-61-6048,695558203-8,24b36b95-83a4-4f5d-8c2a-285d03f4f905,3.54585E+15,Please change my number to 526-596-0774. Thanks
bturbayne1e@zdnet.com,890-31-6310,782851581-2,39dd6dc6-170a-4b40-ba0d-e0641aab000b,374622897585658,Please change my number to 112-346-3216. Thanks
amarcoolyn1f@yahoo.com,838-01-1082,186333229-4,96e5270e-5e22-4652-8f2d-95636e209326,5418942770120499,Please change my number to 219-837-8664. Thanks
hhowell1g@over-blog.com,765-11-7985,358307028-3,3bb365cb-0c8e-452e-aa2c-2ad91b9b27f5,3552405867147842,Please change my number to 386-422-5439. Thanks
mbysshe1h@google.co.jp,340-89-3083,226961550-6,8e290a55-4669-4d58-91c9-0fd57d06acf6,490586331932349982,Please change my number to 765-870-6519. Thanks
cedowes1i@who.int,210-63-8063,524788919-3,9a2ff263-9110-4209-87f6-b048ef1de0c2,3552911564755639,Please change my number to 489-105-7582. Thanks
obuglass1j@gnu.org,846-35-7852,017686237-4,e3149d08-72a0-4476-801c-3a8284f10bd4,201439992265527,Please change my number to 712-297-1195. Thanks
ttowriss1k@blogspot.com,764-88-9136,318946136-8,8ac960ec-302f-4c03-8f34-7810893069b9,3588541404987494,Please change my number to 266-154-1940. Thanks
cmedmore1l@printfriendly.com,743-90-7246,576653792-1,e4e208ce-2024-43ec-8870-6c4253dd005b,372301860413410,Please change my number to 289-535-6918. Thanks
dmaccallister1m@hexun.com,886-90-7348,528679826-8,eed49e38-a452-4a85-bf94-fc43af8b5f6d,4508066636834996,Please change my number to 517-183-0077. Thanks
fclelle1n@indiegogo.com,332-38-4041,668858434-4,2f230c07-6b7d-4fc8-b0ce-f18b45b964b7,3549032620053251,Please change my number to 936-466-3454. Thanks
bjagiello1o@storify.com,869-99-8798,668190535-8,a5028d4a-97f3-488a-b1b9-67de446e9f4a,5440037385398705,Please change my number to 666-335-0275. Thanks
aseamans1p@vk.com,140-79-3609,687886189-6,abf7e2bb-e379-45f0-96ac-1accf32ff000,5602246724730597579,Please change my number to 880-816-3547. Thanks
gmichelin1q@prlog.org,726-11-8778,003937529-3,dd5c2b76-e753-4fac-8d37-7672a9f8b753,3587898982746135,Please change my number to 360-221-7985. Thanks
plicas1r@vkontakte.ru,545-96-5546,616750177-7,15babc55-ea2e-4a77-9ba5-cf4c7bb7ab76,6763892124663323265,Please change my number to 702-704-8397. Thanks
vcoatman1s@gnu.org,597-04-4400,782413536-5,d0b02774-4b83-4c39-b7b6-ae77fc56b868,3555435405133704,Please change my number to 711-713-2543. Thanks
apridie1t@deliciousdays.com,155-60-0565,761018736-4,eaa1bad9-8a1c-4906-bf79-4e9b52db73a2,3584224948081959,Please change my number to 329-966-3828. Thanks
mmanvell1u@booking.com,614-95-7388,151988900-3,998994e1-399c-4daf-ae06-cc16cd15e40b,201450135796534,Please change my number to 468-683-1518. Thanks
wnickerson1v@tinypic.com,795-07-0614,867621566-9,67d56d80-d44c-42ab-b210-ccf671a5e96b,6759715069320413806,Please change my number to 535-857-2502. Thanks
mdanovich1w@google.com.au,259-33-7002,970807162-5,805f3675-5d4c-4286-bd60-baafa3b01d60,30558178400496,Please change my number to 245-967-8165. Thanks
mvanarsdall1x@devhub.com,781-68-0141,117227538-6,7e88cf3d-85b9-4247-9e74-3450cdcd6193,3566954589188687,Please change my number to 591-891-8136. Thanks
mbourley1y@1und1.de,834-99-3080,576531701-4,78165cf7-6d58-4485-a6da-c1ad7ed7de79,3.53309E+15,Please change my number to 154-320-8835. Thanks
tflintiff1z@google.com.hk,521-71-9703,581431135-5,00dd5620-4f7f-415f-8a96-bb3a2f35ea3f,374283917603540,Please change my number to 405-389-0151. Thanks
lguymer20@businessweek.com,636-52-9364,775696873-5,af88e7e4-4281-4ebf-99d0-a1932be04c11,30245269431388,Please change my number to 131-553-5335. Thanks
rdewdney21@tmall.com,560-21-0178,985347199-X,caa052c6-fe31-497d-a3d6-129c3c0c28bc,4041593338294876,Please change my number to 654-555-1592. Thanks
sscambler22@facebook.com,718-61-4516,874446350-2,3164aaa2-9539-4749-bde3-2146a4089033,4903417055483214,Please change my number to 180-686-8495. Thanks
tloftie23@redcross.org,556-51-2366,173491514-5,0582bccc-da0a-441a-b198-08cb21a9edd1,5641823581270962608,Please change my number to 593-808-6545. Thanks
darents24@harvard.edu,822-58-2809,542216681-7,274fe5fb-a760-4c1a-86d1-afc28772e62c,30276841716988,Please change my number to 866-201-5400. Thanks
equincee25@blinklist.com,509-27-2806,728218777-0,0907faf0-8453-471e-a072-b961b0437dbe,5100170988867379,Please change my number to 334-608-6414. Thanks
adiangelo26@yellowbook.com,603-86-2908,052665445-7,af10e25b-ff37-4dfe-92bc-a1a5bc863a40,346247493434773,Please change my number to 623-584-2275. Thanks
rrohlfing27@wp.com,364-34-3620,025442170-9,1e0e26ce-be1f-4bde-8a0e-475df3d89f7e,5.01013E+15,Please change my number to 243-577-3618. Thanks
hskeels28@etsy.com,233-66-9637,656673182-2,b7934615-00c1-41c6-ad55-6ece9b347cf7,3557361953275762,Please change my number to 461-950-6790. Thanks
myakovlev29@phoca.cz,425-63-1939,523367510-2,2fddaffc-9d1b-43f6-adb6-1c0dd8ab2b88,5602242301824867,Please change my number to 704-466-0315. Thanks
civankin2a@a8.net,129-31-9980,586752834-0,de3e6259-c930-46c6-b1fe-db2baf3520de,6377379390708444,Please change my number to 716-254-0344. Thanks
simeson2b@cnet.com,259-14-6965,192322563-4,8a3310e4-3597-416e-8d8c-b50c20ded461,3.58548E+15,Please change my number to 194-397-3748. Thanks
kdonnan2c@thetimes.co.uk,431-32-2931,163563050-9,7384133c-074b-4f1d-96ad-cf57770410aa,3563799694685207,Please change my number to 646-213-3851. Thanks
hskarin2d@phoca.cz,267-45-4513,086990286-5,e8f75635-f5ae-4a79-b1c9-132c4965f983,3582127787682955,Please change my number to 186-909-9358. Thanks
ttroutbeck2e@imageshack.us,641-94-8857,829119241-3,90c9bd8b-be8f-4515-8580-3f24880b3519,5602214549269817,Please change my number to 581-925-0844. Thanks
itollemache2f@hugedomains.com,380-83-5966,012365365-7,472c303f-d619-4c8c-92c5-783154d3c1c9,5048375026047711,Please change my number to 842-293-5088. Thanks
mstanesby2g@china.com.cn,155-20-2405,420950351-7,8a226210-0883-465a-944f-632c495250db,5553627258019827,Please change my number to 468-880-7765. Thanks
charding2h@alibaba.com,762-26-1410,551646323-8,5ac80e22-f70a-405b-b379-866f693daf6c,5388114770154557,Please change my number to 976-637-2799. Thanks
elhommee2i@statcounter.com,820-47-7527,164062052-4,29311123-e0c9-42f6-b1fd-a6030e7b9de8,5002357871065943,Please change my number to 781-552-9568. Thanks
qredman2j@networksolutions.com,763-61-9836,398032344-7,9afd575d-ca7d-4281-89cf-154071c5333e,5114111328028177,Please change my number to 353-294-5958. Thanks
ningham2k@edublogs.org,253-64-3478,503867261-2,a7277e7d-e449-45eb-9995-103763108e9a,337941196090616,Please change my number to 290-686-7131. Thanks
rstealey2l@nationalgeographic.com,586-24-4926,701095879-3,f929202d-3aa3-4ae2-ada6-7092c33058b3,5602230659413975981,Please change my number to 400-685-7777. Thanks
tboggers2m@ow.ly,318-28-0499,936857401-4,2ce53021-c62f-46f7-b0f2-abe77027f231,3589264011456873,Please change my number to 656-865-0679. Thanks
aruffles2n@chicagotribune.com,223-28-1968,652294113-9,d92bd851-fd1d-4007-891f-6a7102d33184,3589945193168266,Please change my number to 835-665-5804. Thanks
jjessop2o@gravatar.com,687-60-8860,283157000-X,1e400674-5240-46d5-bd1f-badf82e52926,3546617371604428,Please change my number to 958-935-9405. Thanks
hmebius2p@google.de,183-74-8183,350575587-7,9d902f49-4ac1-4386-8201-73e624416017,201635907601389,Please change my number to 321-388-0330. Thanks
rpopworth2q@moonfruit.com,111-73-6810,711104940-3,a3fbbb6f-41d9-4aec-8f86-ed8672fab58e,4844033211500841,Please change my number to 500-786-7081. Thanks
ofakeley0@elpais.com,607-82-9963,679647039-7,5433c541-a735-4783-ac1b-bdb1f95ba7b5,6706970503473868,Please change my number to 203-329-2532. Thanks
cstubbington1@ibm.com,543-43-5623,466928803-2,b2892e74-9588-4c23-9645-ea4fdf4729e8,3549127839068106,Please change my number to 674-486-9054. Thanks
ekaman2@home.pl,231-68-8007,242426152-0,ce7e4400-92ea-4ba9-8758-5c6215b68b47,201665969359626,Please change my number to 430-349-3493. Thanks
kfoukx3@marriott.com,649-13-1124,938973332-4,5c5354aa-2c90-4953-86ba-da980744cb22,3537909533350805,Please change my number to 748-378-0076. Thanks
bbrahms4@time.com,751-05-9457,415982138-3,ae9dc910-490e-4b78-a4ff-f4ed30d87bd1,3550347450579522,Please change my number to 254-629-4315. Thanks
ogotmann5@tamu.edu,573-37-7766,169951198-5,c8a51ad7-c4f6-422d-bfd3-14900926eaca,201866351141156,Please change my number to 109-824-8592. Thanks
gtrawin6@wordpress.com,323-31-9857,291672015-4,c45e635f-7d3a-4fb4-8b01-5a925491cdaf,6761942446433312086,Please change my number to 660-528-9690. Thanks
yelliman7@amazon.co.jp,599-04-0514,743442986-0,c8a8a761-077e-434c-978f-085e5a2222bb,372301921369742,Please change my number to 516-262-9496. Thanks
mscading8@statcounter.com,765-10-7106,360292826-8,caf05b1a-741b-4530-b64c-7dfc8d5dadd6,201756288766417,Please change my number to 235-748-7265. Thanks
pcreasy9@cdc.gov,469-77-7524,652644860-7,6fd382a3-2deb-499e-8088-dda851fdae58,4041597714402433,Please change my number to 629-312-7918. Thanks
lovanesiana@omniture.com,223-24-5170,003597604-7,988280b3-d10f-479e-8e8d-cfbdf2e17e8f,3581826220735293,Please change my number to 318-865-3799. Thanks
rfrancieb@uol.com.br,359-34-7532,660862867-6,06bd053b-3586-41fd-b280-66dec90b5185,5100139158465306,Please change my number to 814-871-1253. Thanks
wkubinc@usatoday.com,519-53-8515,786972140-9,b7ce1246-5627-4ca5-aa24-0a2bc112b13e,3577291275087015,Please change my number to 407-785-6771. Thanks
amckillopd@lycos.com,670-75-1528,407137766-6,9e25728d-d5cf-4a51-bbeb-3575a4accae7,3.58517E+15,Please change my number to 711-701-7849. Thanks
jlocale@ucla.edu,157-93-4497,977535333-5,3e3767a9-35cc-4570-b964-d62cd2357dc0,201495489375419,Please change my number to 885-937-0943. Thanks
mwynef@360.cn,198-16-8336,471285165-1,655e571f-0bb6-4891-a571-07937510d498,3581070192148785,Please change my number to 974-408-0952. Thanks
cdesboroughg@spotify.com,888-29-1302,442746306-1,2614d7ef-6e5d-41ad-aa69-5b92a7272071,3550775950894068,Please change my number to 365-520-3650. Thanks
gbrunetonh@reuters.com,552-48-7083,142917585-0,057152be-5691-481f-bffb-5a9ea3c3070b,3.58395E+15,Please change my number to 709-874-4384. Thanks
pubanki@gov.uk,322-40-2860,872947046-3,c1fef6fb-23e7-4be2-aa5e-7677ed2488b7,3553357981736431,Please change my number to 222-208-9856. Thanks
lweaferj@a8.net,622-34-8430,132657101-X,04700b51-6de5-4f9c-ab39-305a42f91a1e,3549561120841336,Please change my number to 514-824-3733. Thanks
tfoatk@washington.edu,537-34-6720,954592957-X,f993ea52-7d1f-488f-8acd-a2acf7a0516a,30171410706959,Please change my number to 514-678-9813. Thanks
khaddestonl@mashable.com,851-42-0811,048722782-4,3074aa88-a0d4-4603-8dab-b19e1b653b42,6759222368862763651,Please change my number to 444-205-5846. Thanks
eculwenm@google.pl,359-94-7475,993970529-8,b0b822d8-a68b-4061-bfdc-ae041ceb5f5a,3570783799393298,Please change my number to 560-336-5702. Thanks
mpluviern@phpbb.com,598-33-8084,974049650-4,da73f9b0-7dcf-48a5-937f-1dba99164655,6386305745972889,Please change my number to 181-410-1998. Thanks
rromagosao@reverbnation.com,838-20-4571,375573851-1,4f633fa5-c17e-4317-a806-3c68cc6d3e0f,374283035062520,Please change my number to 915-720-3942. Thanks
cthomlinsonp@umn.edu,113-16-6239,489272962-0,c3943bce-97eb-463f-9ff7-8fe720fe6e7e,3575402140268183,Please change my number to 576-968-6811. Thanks
lpoacherq@sourceforge.net,347-89-0657,496237432-X,dac2cc5b-6067-478a-90aa-f3d2789fbecf,5602215690416313,Please change my number to 647-833-0754. Thanks
ewyther@wordpress.org,245-40-7727,759625896-4,049fb387-07ca-4eb7-901a-21f09295bc3a,3566578672234254,Please change my number to 209-190-4500. Thanks
jarnleys@comcast.net,806-47-1823,495956180-7,70221975-e797-4b10-bf6a-3913494d6257,5277260663556913,Please change my number to 255-953-8277. Thanks
zmundowt@seesaa.net,450-40-7802,867932559-7,263ffb6b-a237-40ca-a5de-66492f53727c,3566601346222347,Please change my number to 349-930-8493. Thanks
oscriveru@phoca.cz,804-31-9276,697442379-9,9ff2538e-f96c-494b-b736-1b65588d4a29,3569356597441321,Please change my number to 426-329-2095. Thanks
hcallicottv@usatoday.com,139-80-0582,985560117-3,be167303-1cdb-403c-8dad-483e258c651f,6706848476776940599,Please change my number to 847-769-5100. Thanks
lscophamw@indiatimes.com,456-01-7086,570515085-7,20e36303-46d3-48bb-951d-a56837ba21bd,3540822691080335,Please change my number to 960-458-0558. Thanks
jspringtorpx@nbcnews.com,517-04-2384,802072233-5,bd303996-3564-4115-8683-e98d67930198,3544824184445377,Please change my number to 984-302-0484. Thanks
dhegertyy@ning.com,772-42-6643,425295645-5,3de5e103-0a75-4011-91b0-1bf68f86b06d,5.60225E+15,Please change my number to 962-935-4165. Thanks
oaggetz@dailymail.co.uk,745-79-7260,130807612-6,f45ca7c1-ddb2-4e14-aa4c-2a1aa5a00eba,3563235115051083,Please change my number to 729-797-2127. Thanks
ffrancklyn10@msu.edu,891-21-6879,003395785-1,d50e2bbc-e572-4b02-84ee-f46858f4b7ad,5100148386238567,Please change my number to 744-407-9637. Thanks
hbooij11@uol.com.br,381-98-5697,788625295-0,a7a06891-e66c-4c04-aacc-6e43ed8f2863,06043068186407485,Please change my number to 516-872-1903. Thanks
schellenham12@multiply.com,806-77-2406,879162128-3,a2b7e174-5a40-4d59-ac79-d821c5bb16af,337941168442043,Please change my number to 924-639-0620. Thanks
mhumbert13@unblog.fr,182-99-1190,980541033-1,5029c36e-4063-4972-a703-cb79c9d2dcbd,337941500425995,Please change my number to 875-181-0703. Thanks
bstanway14@netvibes.com,820-86-4303,335831021-3,7c628f8e-b676-43d4-b8d2-1c0e85c1274a,3552289688456651,Please change my number to 921-977-0673. Thanks
bhenric15@google.nl,287-19-4294,773752551-3,41f22b81-7565-4372-a23c-8190ff61d565,67594721081626766,Please change my number to 472-760-0017. Thanks
kmcaline16@goo.gl,495-21-6544,492875141-8,b0f00ac3-cbf4-43c0-835e-685f92e3db39,6374977194460428,Please change my number to 383-308-2077. Thanks
kcox17@xing.com,664-85-8810,884853371-X,8e527f22-3323-4111-b1d9-62c59c08895b,3579871157586776,Please change my number to 107-698-9754. Thanks
ldrage18@wired.com,723-78-9702,804875939-X,04ffdbca-5d0f-4e6f-aff8-474c6e6c015c,344288360257246,Please change my number to 718-437-9686. Thanks
gaskaw19@answers.com,562-77-9101,905677078-0,8c3e5744-78fd-4c48-888e-8f4a7989016f,5602242803018885,Please change my number to 750-201-1099. Thanks
dmarple1a@patch.com,558-46-8489,602478837-1,ff901959-bc9d-4f53-a507-bcb538da4a0a,30192857856552,Please change my number to 846-872-8549. Thanks
mpavlov1b@trellian.com,172-43-0112,440872264-2,c2fe5354-1145-4a8a-a2fa-2169c918c72f,345097143715423,Please change my number to 314-288-1146. Thanks
braden1c@odnoklassniki.ru,784-47-7427,990811156-6,e686220e-65a3-4b89-aeb1-e4d0eaabc2a1,3586751635079522,Please change my number to 230-931-2449. Thanks
gdragoe1d@twitter.com,172-61-6048,695558203-8,24b36b95-83a4-4f5d-8c2a-285d03f4f905,3.54585E+15,Please change my number to 526-596-0774. Thanks
bturbayne1e@zdnet.com,890-31-6310,782851581-2,39dd6dc6-170a-4b40-ba0d-e0641aab000b,374622897585658,Please change my number to 112-346-3216. Thanks
amarcoolyn1f@yahoo.com,838-01-1082,186333229-4,96e5270e-5e22-4652-8f2d-95636e209326,5418942770120499,Please change my number to 219-837-8664. Thanks
hhowell1g@over-blog.com,765-11-7985,358307028-3,3bb365cb-0c8e-452e-aa2c-2ad91b9b27f5,3552405867147842,Please change my number to 386-422-5439. Thanks
mbysshe1h@google.co.jp,340-89-3083,226961550-6,8e290a55-4669-4d58-91c9-0fd57d06acf6,490586331932349982,Please change my number to 765-870-6519. Thanks
cedowes1i@who.int,210-63-8063,524788919-3,9a2ff263-9110-4209-87f6-b048ef1de0c2,3552911564755639,Please change my number to 489-105-7582. Thanks
obuglass1j@gnu.org,846-35-7852,017686237-4,e3149d08-72a0-4476-801c-3a8284f10bd4,201439992265527,Please change my number to 712-297-1195. Thanks
ttowriss1k@blogspot.com,764-88-9136,318946136-8,8ac960ec-302f-4c03-8f34-7810893069b9,3588541404987494,Please change my number to 266-154-1940. Thanks
cmedmore1l@printfriendly.com,743-90-7246,576653792-1,e4e208ce-2024-43ec-8870-6c4253dd005b,372301860413410,Please change my number to 289-535-6918. Thanks
dmaccallister1m@hexun.com,886-90-7348,528679826-8,eed49e38-a452-4a85-bf94-fc43af8b5f6d,4508066636834996,Please change my number to 517-183-0077. Thanks
fclelle1n@indiegogo.com,332-38-4041,668858434-4,2f230c07-6b7d-4fc8-b0ce-f18b45b964b7,3549032620053251,Please change my number to 936-466-3454. Thanks
bjagiello1o@storify.com,869-99-8798,668190535-8,a5028d4a-97f3-488a-b1b9-67de446e9f4a,5440037385398705,Please change my number to 666-335-0275. Thanks
aseamans1p@vk.com,140-79-3609,687886189-6,abf7e2bb-e379-45f0-96ac-1accf32ff000,5602246724730597579,Please change my number to 880-816-3547. Thanks
gmichelin1q@prlog.org,726-11-8778,003937529-3,dd5c2b76-e753-4fac-8d37-7672a9f8b753,3587898982746135,Please change my number to 360-221-7985. Thanks
plicas1r@vkontakte.ru,545-96-5546,616750177-7,15babc55-ea2e-4a77-9ba5-cf4c7bb7ab76,6763892124663323265,Please change my number to 702-704-8397. Thanks
vcoatman1s@gnu.org,597-04-4400,782413536-5,d0b02774-4b83-4c39-b7b6-ae77fc56b868,3555435405133704,Please change my number to 711-713-2543. Thanks
apridie1t@deliciousdays.com,155-60-0565,761018736-4,eaa1bad9-8a1c-4906-bf79-4e9b52db73a2,3584224948081959,Please change my number to 329-966-3828. Thanks
mmanvell1u@booking.com,614-95-7388,151988900-3,998994e1-399c-4daf-ae06-cc16cd15e40b,201450135796534,Please change my number to 468-683-1518. Thanks
wnickerson1v@tinypic.com,795-07-0614,867621566-9,67d56d80-d44c-42ab-b210-ccf671a5e96b,6759715069320413806,Please change my number to 535-857-2502. Thanks
mdanovich1w@google.com.au,259-33-7002,970807162-5,805f3675-5d4c-4286-bd60-baafa3b01d60,30558178400496,Please change my number to 245-967-8165. Thanks
mvanarsdall1x@devhub.com,781-68-0141,117227538-6,7e88cf3d-85b9-4247-9e74-3450cdcd6193,3566954589188687,Please change my number to 591-891-8136. Thanks
mbourley1y@1und1.de,834-99-3080,576531701-4,78165cf7-6d58-4485-a6da-c1ad7ed7de79,3.53309E+15,Please change my number to 154-320-8835. Thanks
tflintiff1z@google.com.hk,521-71-9703,581431135-5,00dd5620-4f7f-415f-8a96-bb3a2f35ea3f,374283917603540,Please change my number to 405-389-0151. Thanks
lguymer20@businessweek.com,636-52-9364,775696873-5,af88e7e4-4281-4ebf-99d0-a1932be04c11,30245269431388,Please change my number to 131-553-5335. Thanks
rdewdney21@tmall.com,560-21-0178,985347199-X,caa052c6-fe31-497d-a3d6-129c3c0c28bc,4041593338294876,Please change my number to 654-555-1592. Thanks
sscambler22@facebook.com,718-61-4516,874446350-2,3164aaa2-9539-4749-bde3-2146a4089033,4903417055483214,Please change my number to 180-686-8495. Thanks
tloftie23@redcross.org,556-51-2366,173491514-5,0582bccc-da0a-441a-b198-08cb21a9edd1,5641823581270962608,Please change my number to 593-808-6545. Thanks
darents24@harvard.edu,822-58-2809,542216681-7,274fe5fb-a760-4c1a-86d1-afc28772e62c,30276841716988,Please change my number to 866-201-5400. Thanks
equincee25@blinklist.com,509-27-2806,728218777-0,0907faf0-8453-471e-a072-b961b0437dbe,5100170988867379,Please change my number to 334-608-6414. Thanks
adiangelo26@yellowbook.com,603-86-2908,052665445-7,af10e25b-ff37-4dfe-92bc-a1a5bc863a40,346247493434773,Please change my number to 623-584-2275. Thanks
rrohlfing27@wp.com,364-34-3620,025442170-9,1e0e26ce-be1f-4bde-8a0e-475df3d89f7e,5.01013E+15,Please change my number to 243-577-3618. Thanks
hskeels28@etsy.com,233-66-9637,656673182-2,b7934615-00c1-41c6-ad55-6ece9b347cf7,3557361953275762,Please change my number to 461-950-6790. Thanks
myakovlev29@phoca.cz,425-63-1939,523367510-2,2fddaffc-9d1b-43f6-adb6-1c0dd8ab2b88,5602242301824867,Please change my number to 704-466-0315. Thanks
civankin2a@a8.net,129-31-9980,586752834-0,de3e6259-c930-46c6-b1fe-db2baf3520de,6377379390708444,Please change my number to 716-254-0344. Thanks
simeson2b@cnet.com,259-14-6965,192322563-4,8a3310e4-3597-416e-8d8c-b50c20ded461,3.58548E+15,Please change my number to 194-397-3748. Thanks
kdonnan2c@thetimes.co.uk,431-32-2931,163563050-9,7384133c-074b-4f1d-96ad-cf57770410aa,3563799694685207,Please change my number to 646-213-3851. Thanks
hskarin2d@phoca.cz,267-45-4513,086990286-5,e8f75635-f5ae-4a79-b1c9-132c4965f983,3582127787682955,Please change my number to 186-909-9358. Thanks
ttroutbeck2e@imageshack.us,641-94-8857,829119241-3,90c9bd8b-be8f-4515-8580-3f24880b3519,5602214549269817,Please change my number to 581-925-0844. Thanks
itollemache2f@hugedomains.com,380-83-5966,012365365-7,472c303f-d619-4c8c-92c5-783154d3c1c9,5048375026047711,Please change my number to 842-293-5088. Thanks
mstanesby2g@china.com.cn,155-20-2405,420950351-7,8a226210-0883-465a-944f-632c495250db,5553627258019827,Please change my number to 468-880-7765. Thanks
charding2h@alibaba.com,762-26-1410,551646323-8,5ac80e22-f70a-405b-b379-866f693daf6c,5388114770154557,Please change my number to 976-637-2799. Thanks
elhommee2i@statcounter.com,820-47-7527,164062052-4,29311123-e0c9-42f6-b1fd-a6030e7b9de8,5002357871065943,Please change my number to 781-552-9568. Thanks
qredman2j@networksolutions.com,763-61-9836,398032344-7,9afd575d-ca7d-4281-89cf-154071c5333e,5114111328028177,Please change my number to 353-294-5958. Thanks
ningham2k@edublogs.org,253-64-3478,503867261-2,a7277e7d-e449-45eb-9995-103763108e9a,337941196090616,Please change my number to 290-686-7131. Thanks
rstealey2l@nationalgeographic.com,586-24-4926,701095879-3,f929202d-3aa3-4ae2-ada6-7092c33058b3,5602230659413975981,Please change my number to 400-685-7777. Thanks
tboggers2m@ow.ly,318-28-0499,936857401-4,2ce53021-c62f-46f7-b0f2-abe77027f231,3589264011456873,Please change my number to 656-865-0679. Thanks
aruffles2n@chicagotribune.com,223-28-1968,652294113-9,d92bd851-fd1d-4007-891f-6a7102d33184,3589945193168266,Please change my number to 835-665-5804. Thanks
jjessop2o@gravatar.com,687-60-8860,283157000-X,1e400674-5240-46d5-bd1f-badf82e52926,3546617371604428,Please change my number to 958-935-9405. Thanks
hmebius2p@google.de,183-74-8183,350575587-7,9d902f49-4ac1-4386-8201-73e624416017,201635907601389,Please change my number to 321-388-0330. Thanks
rpopworth2q@moonfruit.com,111-73-6810,711104940-3,a3fbbb6f-41d9-4aec-8f86-ed8672fab58e,4844033211500841,Please change my number to 500-786-7081. Thanks
ofakeley0@elpais.com,607-82-9963,679647039-7,5433c541-a735-4783-ac1b-bdb1f95ba7b5,6706970503473868,Please change my number to 203-329-2532. Thanks
cstubbington1@ibm.com,543-43-5623,466928803-2,b2892e74-9588-4c23-9645-ea4fdf4729e8,3549127839068106,Please change my number to 674-486-9054. Thanks
ekaman2@home.pl,231-68-8007,242426152-0,ce7e4400-92ea-4ba9-8758-5c6215b68b47,201665969359626,Please change my number to 430-349-3493. Thanks
kfoukx3@marriott.com,649-13-1124,938973332-4,5c5354aa-2c90-4953-86ba-da980744cb22,3537909533350805,Please change my number to 748-378-0076. Thanks
bbrahms4@time.com,751-05-9457,415982138-3,ae9dc910-490e-4b78-a4ff-f4ed30d87bd1,3550347450579522,Please change my number to 254-629-4315. Thanks
ogotmann5@tamu.edu,573-37-7766,169951198-5,c8a51ad7-c4f6-422d-bfd3-14900926eaca,201866351141156,Please change my number to 109-824-8592. Thanks
gtrawin6@wordpress.com,323-31-9857,291672015-4,c45e635f-7d3a-4fb4-8b01-5a925491cdaf,6761942446433312086,Please change my number to 660-528-9690. Thanks
yelliman7@amazon.co.jp,599-04-0514,743442986-0,c8a8a761-077e-434c-978f-085e5a2222bb,372301921369742,Please change my number to 516-262-9496. Thanks
mscading8@statcounter.com,765-10-7106,360292826-8,caf05b1a-741b-4530-b64c-7dfc8d5dadd6,201756288766417,Please change my number to 235-748-7265. Thanks
pcreasy9@cdc.gov,469-77-7524,652644860-7,6fd382a3-2deb-499e-8088-dda851fdae58,4041597714402433,Please change my number to 629-312-7918. Thanks
lovanesiana@omniture.com,223-24-5170,003597604-7,988280b3-d10f-479e-8e8d-cfbdf2e17e8f,3581826220735293,Please change my number to 318-865-3799. Thanks
rfrancieb@uol.com.br,359-34-7532,660862867-6,06bd053b-3586-41fd-b280-66dec90b5185,5100139158465306,Please change my number to 814-871-1253. Thanks
wkubinc@usatoday.com,519-53-8515,786972140-9,b7ce1246-5627-4ca5-aa24-0a2bc112b13e,3577291275087015,Please change my number to 407-785-6771. Thanks
amckillopd@lycos.com,670-75-1528,407137766-6,9e25728d-d5cf-4a51-bbeb-3575a4accae7,3.58517E+15,Please change my number to 711-701-7849. Thanks
jlocale@ucla.edu,157-93-4497,977535333-5,3e3767a9-35cc-4570-b964-d62cd2357dc0,201495489375419,Please change my number to 885-937-0943. Thanks
mwynef@360.cn,198-16-8336,471285165-1,655e571f-0bb6-4891-a571-07937510d498,3581070192148785,Please change my number to 974-408-0952. Thanks
cdesboroughg@spotify.com,888-29-1302,442746306-1,2614d7ef-6e5d-41ad-aa69-5b92a7272071,3550775950894068,Please change my number to 365-520-3650. Thanks
gbrunetonh@reuters.com,552-48-7083,142917585-0,057152be-5691-481f-bffb-5a9ea3c3070b,3.58395E+15,Please change my number to 709-874-4384. Thanks
pubanki@gov.uk,322-40-2860,872947046-3,c1fef6fb-23e7-4be2-aa5e-7677ed2488b7,3553357981736431,Please change my number to 222-208-9856. Thanks
lweaferj@a8.net,622-34-8430,132657101-X,04700b51-6de5-4f9c-ab39-305a42f91a1e,3549561120841336,Please change my number to 514-824-3733. Thanks
tfoatk@washington.edu,537-34-6720,954592957-X,f993ea52-7d1f-488f-8acd-a2acf7a0516a,30171410706959,Please change my number to 514-678-9813. Thanks
khaddestonl@mashable.com,851-42-0811,048722782-4,3074aa88-a0d4-4603-8dab-b19e1b653b42,6759222368862763651,Please change my number to 444-205-5846. Thanks
eculwenm@google.pl,359-94-7475,993970529-8,b0b822d8-a68b-4061-bfdc-ae041ceb5f5a,3570783799393298,Please change my number to 560-336-5702. Thanks
mpluviern@phpbb.com,598-33-8084,974049650-4,da73f9b0-7dcf-48a5-937f-1dba99164655,6386305745972889,Please change my number to 181-410-1998. Thanks
rromagosao@reverbnation.com,838-20-4571,375573851-1,4f633fa5-c17e-4317-a806-3c68cc6d3e0f,374283035062520,Please change my number to 915-720-3942. Thanks
cthomlinsonp@umn.edu,113-16-6239,489272962-0,c3943bce-97eb-463f-9ff7-8fe720fe6e7e,3575402140268183,Please change my number to 576-968-6811. Thanks
lpoacherq@sourceforge.net,347-89-0657,496237432-X,dac2cc5b-6067-478a-90aa-f3d2789fbecf,5602215690416313,Please change my number to 647-833-0754. Thanks
ewyther@wordpress.org,245-40-7727,759625896-4,049fb387-07ca-4eb7-901a-21f09295bc3a,3566578672234254,Please change my number to 209-190-4500. Thanks
jarnleys@comcast.net,806-47-1823,495956180-7,70221975-e797-4b10-bf6a-3913494d6257,5277260663556913,Please change my number to 255-953-8277. Thanks
zmundowt@seesaa.net,450-40-7802,867932559-7,263ffb6b-a237-40ca-a5de-66492f53727c,3566601346222347,Please change my number to 349-930-8493. Thanks
oscriveru@phoca.cz,804-31-9276,697442379-9,9ff2538e-f96c-494b-b736-1b65588d4a29,3569356597441321,Please change my number to 426-329-2095. Thanks
hcallicottv@usatoday.com,139-80-0582,985560117-3,be167303-1cdb-403c-8dad-483e258c651f,6706848476776940599,Please change my number to 847-769-5100. Thanks
lscophamw@indiatimes.com,456-01-7086,570515085-7,20e36303-46d3-48bb-951d-a56837ba21bd,3540822691080335,Please change my number to 960-458-0558. Thanks
jspringtorpx@nbcnews.com,517-04-2384,802072233-5,bd303996-3564-4115-8683-e98d67930198,3544824184445377,Please change my number to 984-302-0484. Thanks
dhegertyy@ning.com,772-42-6643,425295645-5,3de5e103-0a75-4011-91b0-1bf68f86b06d,5.60225E+15,Please change my number to 962-935-4165. Thanks
oaggetz@dailymail.co.uk,745-79-7260,130807612-6,f45ca7c1-ddb2-4e14-aa4c-2a1aa5a00eba,3563235115051083,Please change my number to 729-797-2127. Thanks
ffrancklyn10@msu.edu,891-21-6879,003395785-1,d50e2bbc-e572-4b02-84ee-f46858f4b7ad,5100148386238567,Please change my number to 744-407-9637. Thanks
hbooij11@uol.com.br,381-98-5697,788625295-0,a7a06891-e66c-4c04-aacc-6e43ed8f2863,06043068186407485,Please change my number to 516-872-1903. Thanks
schellenham12@multiply.com,806-77-2406,879162128-3,a2b7e174-5a40-4d59-ac79-d821c5bb16af,337941168442043,Please change my number to 924-639-0620. Thanks
mhumbert13@unblog.fr,182-99-1190,980541033-1,5029c36e-4063-4972-a703-cb79c9d2dcbd,337941500425995,Please change my number to 875-181-0703. Thanks
bstanway14@netvibes.com,820-86-4303,335831021-3,7c628f8e-b676-43d4-b8d2-1c0e85c1274a,3552289688456651,Please change my number to 921-977-0673. Thanks
bhenric15@google.nl,287-19-4294,773752551-3,41f22b81-7565-4372-a23c-8190ff61d565,67594721081626766,Please change my number to 472-760-0017. Thanks
kmcaline16@goo.gl,495-21-6544,492875141-8,b0f00ac3-cbf4-43c0-835e-685f92e3db39,6374977194460428,Please change my number to 383-308-2077. Thanks
kcox17@xing.com,664-85-8810,884853371-X,8e527f22-3323-4111-b1d9-62c59c08895b,3579871157586776,Please change my number to 107-698-9754. Thanks
ldrage18@wired.com,723-78-9702,804875939-X,04ffdbca-5d0f-4e6f-aff8-474c6e6c015c,344288360257246,Please change my number to 718-437-9686. Thanks
gaskaw19@answers.com,562-77-9101,905677078-0,8c3e5744-78fd-4c48-888e-8f4a7989016f,5602242803018885,Please change my number to 750-201-1099. Thanks
dmarple1a@patch.com,558-46-8489,602478837-1,ff901959-bc9d-4f53-a507-bcb538da4a0a,30192857856552,Please change my number to 846-872-8549. Thanks
mpavlov1b@trellian.com,172-43-0112,440872264-2,c2fe5354-1145-4a8a-a2fa-2169c918c72f,345097143715423,Please change my number to 314-288-1146. Thanks
braden1c@odnoklassniki.ru,784-47-7427,990811156-6,e686220e-65a3-4b89-aeb1-e4d0eaabc2a1,3586751635079522,Please change my number to 230-931-2449. Thanks
gdragoe1d@twitter.com,172-61-6048,695558203-8,24b36b95-83a4-4f5d-8c2a-285d03f4f905,3.54585E+15,Please change my number to 526-596-0774. Thanks
bturbayne1e@zdnet.com,890-31-6310,782851581-2,39dd6dc6-170a-4b40-ba0d-e0641aab000b,374622897585658,Please change my number to 112-346-3216. Thanks
amarcoolyn1f@yahoo.com,838-01-1082,186333229-4,96e5270e-5e22-4652-8f2d-95636e209326,5418942770120499,Please change my number to 219-837-8664. Thanks
hhowell1g@over-blog.com,765-11-7985,358307028-3,3bb365cb-0c8e-452e-aa2c-2ad91b9b27f5,3552405867147842,Please change my number to 386-422-5439. Thanks
mbysshe1h@google.co.jp,340-89-3083,226961550-6,8e290a55-4669-4d58-91c9-0fd57d06acf6,490586331932349982,Please change my number to 765-870-6519. Thanks
cedowes1i@who.int,210-63-8063,524788919-3,9a2ff263-9110-4209-87f6-b048ef1de0c2,3552911564755639,Please change my number to 489-105-7582. Thanks
obuglass1j@gnu.org,846-35-7852,017686237-4,e3149d08-72a0-4476-801c-3a8284f10bd4,201439992265527,Please change my number to 712-297-1195. Thanks
ttowriss1k@blogspot.com,764-88-9136,318946136-8,8ac960ec-302f-4c03-8f34-7810893069b9,3588541404987494,Please change my number to 266-154-1940. Thanks
cmedmore1l@printfriendly.com,743-90-7246,576653792-1,e4e208ce-2024-43ec-8870-6c4253dd005b,372301860413410,Please change my number to 289-535-6918. Thanks
dmaccallister1m@hexun.com,886-90-7348,528679826-8,eed49e38-a452-4a85-bf94-fc43af8b5f6d,4508066636834996,Please change my number to 517-183-0077. Thanks
fclelle1n@indiegogo.com,332-38-4041,668858434-4,2f230c07-6b7d-4fc8-b0ce-f18b45b964b7,3549032620053251,Please change my number to 936-466-3454. Thanks
bjagiello1o@storify.com,869-99-8798,668190535-8,a5028d4a-97f3-488a-b1b9-67de446e9f4a,5440037385398705,Please change my number to 666-335-0275. Thanks
aseamans1p@vk.com,140-79-3609,687886189-6,abf7e2bb-e379-45f0-96ac-1accf32ff000,5602246724730597579,Please change my number to 880-816-3547. Thanks
gmichelin1q@prlog.org,726-11-8778,003937529-3,dd5c2b76-e753-4fac-8d37-7672a9f8b753,3587898982746135,Please change my number to 360-221-7985. Thanks
plicas1r@vkontakte.ru,545-96-5546,616750177-7,15babc55-ea2e-4a77-9ba5-cf4c7bb7ab76,6763892124663323265,Please change my number to 702-704-8397. Thanks
vcoatman1s@gnu.org,597-04-4400,782413536-5,d0b02774-4b83-4c39-b7b6-ae77fc56b868,3555435405133704,Please change my number to 711-713-2543. Thanks
apridie1t@deliciousdays.com,155-60-0565,761018736-4,eaa1bad9-8a1c-4906-bf79-4e9b52db73a2,3584224948081959,Please change my number to 329-966-3828. Thanks
mmanvell1u@booking.com,614-95-7388,151988900-3,998994e1-399c-4daf-ae06-cc16cd15e40b,201450135796534,Please change my number to 468-683-1518. Thanks
wnickerson1v@tinypic.com,795-07-0614,867621566-9,67d56d80-d44c-42ab-b210-ccf671a5e96b,6759715069320413806,Please change my number to 535-857-2502. Thanks
mdanovich1w@google.com.au,259-33-7002,970807162-5,805f3675-5d4c-4286-bd60-baafa3b01d60,30558178400496,Please change my number to 245-967-8165. Thanks
mvanarsdall1x@devhub.com,781-68-0141,117227538-6,7e88cf3d-85b9-4247-9e74-3450cdcd6193,3566954589188687,Please change my number to 591-891-8136. Thanks
mbourley1y@1und1.de,834-99-3080,576531701-4,78165cf7-6d58-4485-a6da-c1ad7ed7de79,3.53309E+15,Please change my number to 154-320-8835. Thanks
tflintiff1z@google.com.hk,521-71-9703,581431135-5,00dd5620-4f7f-415f-8a96-bb3a2f35ea3f,374283917603540,Please change my number to 405-389-0151. Thanks
lguymer20@businessweek.com,636-52-9364,775696873-5,af88e7e4-4281-4ebf-99d0-a1932be04c11,30245269431388,Please change my number to 131-553-5335. Thanks
rdewdney21@tmall.com,560-21-0178,985347199-X,caa052c6-fe31-497d-a3d6-129c3c0c28bc,4041593338294876,Please change my number to 654-555-1592. Thanks
sscambler22@facebook.com,718-61-4516,874446350-2,3164aaa2-9539-4749-bde3-2146a4089033,4903417055483214,Please change my number to 180-686-8495. Thanks
tloftie23@redcross.org,556-51-2366,173491514-5,0582bccc-da0a-441a-b198-08cb21a9edd1,5641823581270962608,Please change my number to 593-808-6545. Thanks
darents24@harvard.edu,822-58-2809,542216681-7,274fe5fb-a760-4c1a-86d1-afc28772e62c,30276841716988,Please change my number to 866-201-5400. Thanks
equincee25@blinklist.com,509-27-2806,728218777-0,0907faf0-8453-471e-a072-b961b0437dbe,5100170988867379,Please change my number to 334-608-6414. Thanks
adiangelo26@yellowbook.com,603-86-2908,052665445-7,af10e25b-ff37-4dfe-92bc-a1a5bc863a40,346247493434773,Please change my number to 623-584-2275. Thanks
rrohlfing27@wp.com,364-34-3620,025442170-9,1e0e26ce-be1f-4bde-8a0e-475df3d89f7e,5.01013E+15,Please change my number to 243-577-3618. Thanks
hskeels28@etsy.com,233-66-9637,656673182-2,b7934615-00c1-41c6-ad55-6ece9b347cf7,3557361953275762,Please change my number to 461-950-6790. Thanks
myakovlev29@phoca.cz,425-63-1939,523367510-2,2fddaffc-9d1b-43f6-adb6-1c0dd8ab2b88,5602242301824867,Please change my number to 704-466-0315. Thanks
civankin2a@a8.net,129-31-9980,586752834-0,de3e6259-c930-46c6-b1fe-db2baf3520de,6377379390708444,Please change my number to 716-254-0344. Thanks
simeson2b@cnet.com,259-14-6965,192322563-4,8a3310e4-3597-416e-8d8c-b50c20ded461,3.58548E+15,Please change my number to 194-397-3748. Thanks
kdonnan2c@thetimes.co.uk,431-32-2931,163563050-9,7384133c-074b-4f1d-96ad-cf57770410aa,3563799694685207,Please change my number to 646-213-3851. Thanks
hskarin2d@phoca.cz,267-45-4513,086990286-5,e8f75635-f5ae-4a79-b1c9-132c4965f983,3582127787682955,Please change my number to 186-909-9358. Thanks
ttroutbeck2e@imageshack.us,641-94-8857,829119241-3,90c9bd8b-be8f-4515-8580-3f24880b3519,5602214549269817,Please change my number to 581-925-0844. Thanks
itollemache2f@hugedomains.com,380-83-5966,012365365-7,472c303f-d619-4c8c-92c5-783154d3c1c9,5048375026047711,Please change my number to 842-293-5088. Thanks
mstanesby2g@china.com.cn,155-20-2405,420950351-7,8a226210-0883-465a-944f-632c495250db,5553627258019827,Please change my number to 468-880-7765. Thanks
charding2h@alibaba.com,762-26-1410,551646323-8,5ac80e22-f70a-405b-b379-866f693daf6c,5388114770154557,Please change my number to 976-637-2799. Thanks
elhommee2i@statcounter.com,820-47-7527,164062052-4,29311123-e0c9-42f6-b1fd-a6030e7b9de8,5002357871065943,Please change my number to 781-552-9568. Thanks
qredman2j@networksolutions.com,763-61-9836,398032344-7,9afd575d-ca7d-4281-89cf-154071c5333e,5114111328028177,Please change my number to 353-294-5958. Thanks
ningham2k@edublogs.org,253-64-3478,503867261-2,a7277e7d-e449-45eb-9995-103763108e9a,337941196090616,Please change my number to 290-686-7131. Thanks
rstealey2l@nationalgeographic.com,586-24-4926,701095879-3,f929202d-3aa3-4ae2-ada6-7092c33058b3,5602230659413975981,Please change my number to 400-685-7777. Thanks
tboggers2m@ow.ly,318-28-0499,936857401-4,2ce53021-c62f-46f7-b0f2-abe77027f231,3589264011456873,Please change my number to 656-865-0679. Thanks
aruffles2n@chicagotribune.com,223-28-1968,652294113-9,d92bd851-fd1d-4007-891f-6a7102d33184,3589945193168266,Please change my number to 835-665-5804. Thanks
jjessop2o@gravatar.com,687-60-8860,283157000-X,1e400674-5240-46d5-bd1f-badf82e52926,3546617371604428,Please change my number to 958-935-9405. Thanks
hmebius2p@google.de,183-74-8183,350575587-7,9d902f49-4ac1-4386-8201-73e624416017,201635907601389,Please change my number to 321-388-0330. Thanks
rpopworth2q@moonfruit.com,111-73-6810,711104940-3,a3fbbb6f-41d9-4aec-8f86-ed8672fab58e,4844033211500841,Please change my number to 500-786-7081. Thanks
ofakeley0@elpais.com,607-82-9963,679647039-7,5433c541-a735-4783-ac1b-bdb1f95ba7b5,6706970503473868,Please change my number to 203-329-2532. Thanks
cstubbington1@ibm.com,543-43-5623,466928803-2,b2892e74-9588-4c23-9645-ea4fdf4729e8,3549127839068106,Please change my number to 674-486-9054. Thanks
ekaman2@home.pl,231-68-8007,242426152-0,ce7e4400-92ea-4ba9-8758-5c6215b68b47,201665969359626,Please change my number to 430-349-3493. Thanks
kfoukx3@marriott.com,649-13-1124,938973332-4,5c5354aa-2c90-4953-86ba-da980744cb22,3537909533350805,Please change my number to 748-378-0076. Thanks
bbrahms4@time.com,751-05-9457,415982138-3,ae9dc910-490e-4b78-a4ff-f4ed30d87bd1,3550347450579522,Please change my number to 254-629-4315. Thanks
ogotmann5@tamu.edu,573-37-7766,169951198-5,c8a51ad7-c4f6-422d-bfd3-14900926eaca,201866351141156,Please change my number to 109-824-8592. Thanks
gtrawin6@wordpress.com,323-31-9857,291672015-4,c45e635f-7d3a-4fb4-8b01-5a925491cdaf,6761942446433312086,Please change my number to 660-528-9690. Thanks
yelliman7@amazon.co.jp,599-04-0514,743442986-0,c8a8a761-077e-434c-978f-085e5a2222bb,372301921369742,Please change my number to 516-262-9496. Thanks
mscading8@statcounter.com,765-10-7106,360292826-8,caf05b1a-741b-4530-b64c-7dfc8d5dadd6,201756288766417,Please change my number to 235-748-7265. Thanks
pcreasy9@cdc.gov,469-77-7524,652644860-7,6fd382a3-2deb-499e-8088-dda851fdae58,4041597714402433,Please change my number to 629-312-7918. Thanks
lovanesiana@omniture.com,223-24-5170,003597604-7,988280b3-d10f-479e-8e8d-cfbdf2e17e8f,3581826220735293,Please change my number to 318-865-3799. Thanks
rfrancieb@uol.com.br,359-34-7532,660862867-6,06bd053b-3586-41fd-b280-66dec90b5185,5100139158465306,Please change my number to 814-871-1253. Thanks
wkubinc@usatoday.com,519-53-8515,786972140-9,b7ce1246-5627-4ca5-aa24-0a2bc112b13e,3577291275087015,Please change my number to 407-785-6771. Thanks
amckillopd@lycos.com,670-75-1528,407137766-6,9e25728d-d5cf-4a51-bbeb-3575a4accae7,3.58517E+15,Please change my number to 711-701-7849. Thanks
jlocale@ucla.edu,157-93-4497,977535333-5,3e3767a9-35cc-4570-b964-d62cd2357dc0,201495489375419,Please change my number to 885-937-0943. Thanks
mwynef@360.cn,198-16-8336,471285165-1,655e571f-0bb6-4891-a571-07937510d498,3581070192148785,Please change my number to 974-408-0952. Thanks
cdesboroughg@spotify.com,888-29-1302,442746306-1,2614d7ef-6e5d-41ad-aa69-5b92a7272071,3550775950894068,Please change my number to 365-520-3650. Thanks
gbrunetonh@reuters.com,552-48-7083,142917585-0,057152be-5691-481f-bffb-5a9ea3c3070b,3.58395E+15,Please change my number to 709-874-4384. Thanks
pubanki@gov.uk,322-40-2860,872947046-3,c1fef6fb-23e7-4be2-aa5e-7677ed2488b7,3553357981736431,Please change my number to 222-208-9856. Thanks
lweaferj@a8.net,622-34-8430,132657101-X,04700b51-6de5-4f9c-ab39-305a42f91a1e,3549561120841336,Please change my number to 514-824-3733. Thanks
tfoatk@washington.edu,537-34-6720,954592957-X,f993ea52-7d1f-488f-8acd-a2acf7a0516a,30171410706959,Please change my number to 514-678-9813. Thanks
khaddestonl@mashable.com,851-42-0811,048722782-4,3074aa88-a0d4-4603-8dab-b19e1b653b42,6759222368862763651,Please change my number to 444-205-5846. Thanks
eculwenm@google.pl,359-94-7475,993970529-8,b0b822d8-a68b-4061-bfdc-ae041ceb5f5a,3570783799393298,Please change my number to 560-336-5702. Thanks
mpluviern@phpbb.com,598-33-8084,974049650-4,da73f9b0-7dcf-48a5-937f-1dba99164655,6386305745972889,Please change my number to 181-410-1998. Thanks
rromagosao@reverbnation.com,838-20-4571,375573851-1,4f633fa5-c17e-4317-a806-3c68cc6d3e0f,374283035062520,Please change my number to 915-720-3942. Thanks
cthomlinsonp@umn.edu,113-16-6239,489272962-0,c3943bce-97eb-463f-9ff7-8fe720fe6e7e,3575402140268183,Please change my number to 576-968-6811. Thanks
lpoacherq@sourceforge.net,347-89-0657,496237432-X,dac2cc5b-6067-478a-90aa-f3d2789fbecf,5602215690416313,Please change my number to 647-833-0754. Thanks
ewyther@wordpress.org,245-40-7727,759625896-4,049fb387-07ca-4eb7-901a-21f09295bc3a,3566578672234254,Please change my number to 209-190-4500. Thanks
jarnleys@comcast.net,806-47-1823,495956180-7,70221975-e797-4b10-bf6a-3913494d6257,5277260663556913,Please change my number to 255-953-8277. Thanks
zmundowt@seesaa.net,450-40-7802,867932559-7,263ffb6b-a237-40ca-a5de-66492f53727c,3566601346222347,Please change my number to 349-930-8493. Thanks
oscriveru@phoca.cz,804-31-9276,697442379-9,9ff2538e-f96c-494b-b736-1b65588d4a29,3569356597441321,Please change my number to 426-329-2095. Thanks
hcallicottv@usatoday.com,139-80-0582,985560117-3,be167303-1cdb-403c-8dad-483e258c651f,6706848476776940599,Please change my number to 847-769-5100. Thanks
lscophamw@indiatimes.com,456-01-7086,570515085-7,20e36303-46d3-48bb-951d-a56837ba21bd,3540822691080335,Please change my number to 960-458-0558. Thanks
jspringtorpx@nbcnews.com,517-04-2384,802072233-5,bd303996-3564-4115-8683-e98d67930198,3544824184445377,Please change my number to 984-302-0484. Thanks
dhegertyy@ning.com,772-42-6643,425295645-5,3de5e103-0a75-4011-91b0-1bf68f86b06d,5.60225E+15,Please change my number to 962-935-4165. Thanks
oaggetz@dailymail.co.uk,745-79-7260,130807612-6,f45ca7c1-ddb2-4e14-aa4c-2a1aa5a00eba,3563235115051083,Please change my number to 729-797-2127. Thanks
ffrancklyn10@msu.edu,891-21-6879,003395785-1,d50e2bbc-e572-4b02-84ee-f46858f4b7ad,5100148386238567,Please change my number to 744-407-9637. Thanks
hbooij11@uol.com.br,381-98-5697,788625295-0,a7a06891-e66c-4c04-aacc-6e43ed8f2863,06043068186407485,Please change my number to 516-872-1903. Thanks
schellenham12@multiply.com,806-77-2406,879162128-3,a2b7e174-5a40-4d59-ac79-d821c5bb16af,337941168442043,Please change my number to 924-639-0620. Thanks
mhumbert13@unblog.fr,182-99-1190,980541033-1,5029c36e-4063-4972-a703-cb79c9d2dcbd,337941500425995,Please change my number to 875-181-0703. Thanks
bstanway14@netvibes.com,820-86-4303,335831021-3,7c628f8e-b676-43d4-b8d2-1c0e85c1274a,3552289688456651,Please change my number to 921-977-0673. Thanks
bhenric15@google.nl,287-19-4294,773752551-3,41f22b81-7565-4372-a23c-8190ff61d565,67594721081626766,Please change my number to 472-760-0017. Thanks
kmcaline16@goo.gl,495-21-6544,492875141-8,b0f00ac3-cbf4-43c0-835e-685f92e3db39,6374977194460428,Please change my number to 383-308-2077. Thanks
kcox17@xing.com,664-85-8810,884853371-X,8e527f22-3323-4111-b1d9-62c59c08895b,3579871157586776,Please change my number to 107-698-9754. Thanks
ldrage18@wired.com,723-78-9702,804875939-X,04ffdbca-5d0f-4e6f-aff8-474c6e6c015c,344288360257246,Please change my number to 718-437-9686. Thanks
gaskaw19@answers.com,562-77-9101,905677078-0,8c3e5744-78fd-4c48-888e-8f4a7989016f,5602242803018885,Please change my number to 750-201-1099. Thanks
dmarple1a@patch.com,558-46-8489,602478837-1,ff901959-bc9d-4f53-a507-bcb538da4a0a,30192857856552,Please change my number to 846-872-8549. Thanks
mpavlov1b@trellian.com,172-43-0112,440872264-2,c2fe5354-1145-4a8a-a2fa-2169c918c72f,345097143715423,Please change my number to 314-288-1146. Thanks
braden1c@odnoklassniki.ru,784-47-7427,990811156-6,e686220e-65a3-4b89-aeb1-e4d0eaabc2a1,3586751635079522,Please change my number to 230-931-2449. Thanks
gdragoe1d@twitter.com,172-61-6048,695558203-8,24b36b95-83a4-4f5d-8c2a-285d03f4f905,3.54585E+15,Please change my number to 526-596-0774. Thanks
bturbayne1e@zdnet.com,890-31-6310,782851581-2,39dd6dc6-170a-4b40-ba0d-e0641aab000b,374622897585658,Please change my number to 112-346-3216. Thanks
amarcoolyn1f@yahoo.com,838-01-1082,186333229-4,96e5270e-5e22-4652-8f2d-95636e209326,5418942770120499,Please change my number to 219-837-8664. Thanks
hhowell1g@over-blog.com,765-11-7985,358307028-3,3bb365cb-0c8e-452e-aa2c-2ad91b9b27f5,3552405867147842,Please change my number to 386-422-5439. Thanks
mbysshe1h@google.co.jp,340-89-3083,226961550-6,8e290a55-4669-4d58-91c9-0fd57d06acf6,490586331932349982,Please change my number to 765-870-6519. Thanks
cedowes1i@who.int,210-63-8063,524788919-3,9a2ff263-9110-4209-87f6-b048ef1de0c2,3552911564755639,Please change my number to 489-105-7582. Thanks
obuglass1j@gnu.org,846-35-7852,017686237-4,e3149d08-72a0-4476-801c-3a8284f10bd4,201439992265527,Please change my number to 712-297-1195. Thanks
ttowriss1k@blogspot.com,764-88-9136,318946136-8,8ac960ec-302f-4c03-8f34-7810893069b9,3588541404987494,Please change my number to 266-154-1940. Thanks
cmedmore1l@printfriendly.com,743-90-7246,576653792-1,e4e208ce-2024-43ec-8870-6c4253dd005b,372301860413410,Please change my number to 289-535-6918. Thanks
dmaccallister1m@hexun.com,886-90-7348,528679826-8,eed49e38-a452-4a85-bf94-fc43af8b5f6d,4508066636834996,Please change my number to 517-183-0077. Thanks
fclelle1n@indiegogo.com,332-38-4041,668858434-4,2f230c07-6b7d-4fc8-b0ce-f18b45b964b7,3549032620053251,Please change my number to 936-466-3454. Thanks
bjagiello1o@storify.com,869-99-8798,668190535-8,a5028d4a-97f3-488a-b1b9-67de446e9f4a,5440037385398705,Please change my number to 666-335-0275. Thanks
aseamans1p@vk.com,140-79-3609,687886189-6,abf7e2bb-e379-45f0-96ac-1accf32ff000,5602246724730597579,Please change my number to 880-816-3547. Thanks
gmichelin1q@prlog.org,726-11-8778,003937529-3,dd5c2b76-e753-4fac-8d37-7672a9f8b753,3587898982746135,Please change my number to 360-221-7985. Thanks
plicas1r@vkontakte.ru,545-96-5546,616750177-7,15babc55-ea2e-4a77-9ba5-cf4c7bb7ab76,6763892124663323265,Please change my number to 702-704-8397. Thanks
vcoatman1s@gnu.org,597-04-4400,782413536-5,d0b02774-4b83-4c39-b7b6-ae77fc56b868,3555435405133704,Please change my number to 711-713-2543. Thanks
apridie1t@deliciousdays.com,155-60-0565,761018736-4,eaa1bad9-8a1c-4906-bf79-4e9b52db73a2,3584224948081959,Please change my number to 329-966-3828. Thanks
mmanvell1u@booking.com,614-95-7388,151988900-3,998994e1-399c-4daf-ae06-cc16cd15e40b,201450135796534,Please change my number to 468-683-1518. Thanks
wnickerson1v@tinypic.com,795-07-0614,867621566-9,67d56d80-d44c-42ab-b210-ccf671a5e96b,6759715069320413806,Please change my number to 535-857-2502. Thanks
mdanovich1w@google.com.au,259-33-7002,970807162-5,805f3675-5d4c-4286-bd60-baafa3b01d60,30558178400496,Please change my number to 245-967-8165. Thanks
mvanarsdall1x@devhub.com,781-68-0141,117227538-6,7e88cf3d-85b9-4247-9e74-3450cdcd6193,3566954589188687,Please change my number to 591-891-8136. Thanks
mbourley1y@1und1.de,834-99-3080,576531701-4,78165cf7-6d58-4485-a6da-c1ad7ed7de79,3.53309E+15,Please change my number to 154-320-8835. Thanks
tflintiff1z@google.com.hk,521-71-9703,581431135-5,00dd5620-4f7f-415f-8a96-bb3a2f35ea3f,374283917603540,Please change my number to 405-389-0151. Thanks
lguymer20@businessweek.com,636-52-9364,775696873-5,af88e7e4-4281-4ebf-99d0-a1932be04c11,30245269431388,Please change my number to 131-553-5335. Thanks
rdewdney21@tmall.com,560-21-0178,985347199-X,caa052c6-fe31-497d-a3d6-129c3c0c28bc,4041593338294876,Please change my number to 654-555-1592. Thanks
sscambler22@facebook.com,718-61-4516,874446350-2,3164aaa2-9539-4749-bde3-2146a4089033,4903417055483214,Please change my number to 180-686-8495. Thanks
tloftie23@redcross.org,556-51-2366,173491514-5,0582bccc-da0a-441a-b198-08cb21a9edd1,5641823581270962608,Please change my number to 593-808-6545. Thanks
darents24@harvard.edu,822-58-2809,542216681-7,274fe5fb-a760-4c1a-86d1-afc28772e62c,30276841716988,Please change my number to 866-201-5400. Thanks
equincee25@blinklist.com,509-27-2806,728218777-0,0907faf0-8453-471e-a072-b961b0437dbe,5100170988867379,Please change my number to 334-608-6414. Thanks
adiangelo26@yellowbook.com,603-86-2908,052665445-7,af10e25b-ff37-4dfe-92bc-a1a5bc863a40,346247493434773,Please change my number to 623-584-2275. Thanks
rrohlfing27@wp.com,364-34-3620,025442170-9,1e0e26ce-be1f-4bde-8a0e-475df3d89f7e,5.01013E+15,Please change my number to 243-577-3618. Thanks
hskeels28@etsy.com,233-66-9637,656673182-2,b7934615-00c1-41c6-ad55-6ece9b347cf7,3557361953275762,Please change my number to 461-950-6790. Thanks
myakovlev29@phoca.cz,425-63-1939,523367510-2,2fddaffc-9d1b-43f6-adb6-1c0dd8ab2b88,5602242301824867,Please change my number to 704-466-0315. Thanks
civankin2a@a8.net,129-31-9980,586752834-0,de3e6259-c930-46c6-b1fe-db2baf3520de,6377379390708444,Please change my number to 716-254-0344. Thanks
simeson2b@cnet.com,259-14-6965,192322563-4,8a3310e4-3597-416e-8d8c-b50c20ded461,3.58548E+15,Please change my number to 194-397-3748. Thanks
kdonnan2c@thetimes.co.uk,431-32-2931,163563050-9,7384133c-074b-4f1d-96ad-cf57770410aa,3563799694685207,Please change my number to 646-213-3851. Thanks
hskarin2d@phoca.cz,267-45-4513,086990286-5,e8f75635-f5ae-4a79-b1c9-132c4965f983,3582127787682955,Please change my number to 186-909-9358. Thanks
ttroutbeck2e@imageshack.us,641-94-8857,829119241-3,90c9bd8b-be8f-4515-8580-3f24880b3519,5602214549269817,Please change my number to 581-925-0844. Thanks
itollemache2f@hugedomains.com,380-83-5966,012365365-7,472c303f-d619-4c8c-92c5-783154d3c1c9,5048375026047711,Please change my number to 842-293-5088. Thanks
mstanesby2g@china.com.cn,155-20-2405,420950351-7,8a226210-0883-465a-944f-632c495250db,5553627258019827,Please change my number to 468-880-7765. Thanks
charding2h@alibaba.com,762-26-1410,551646323-8,5ac80e22-f70a-405b-b379-866f693daf6c,5388114770154557,Please change my number to 976-637-2799. Thanks
elhommee2i@statcounter.com,820-47-7527,164062052-4,29311123-e0c9-42f6-b1fd-a6030e7b9de8,5002357871065943,Please change my number to 781-552-9568. Thanks
qredman2j@networksolutions.com,763-61-9836,398032344-7,9afd575d-ca7d-4281-89cf-154071c5333e,5114111328028177,Please change my number to 353-294-5958. Thanks
ningham2k@edublogs.org,253-64-3478,503867261-2,a7277e7d-e449-45eb-9995-103763108e9a,337941196090616,Please change my number to 290-686-7131. Thanks
rstealey2l@nationalgeographic.com,586-24-4926,701095879-3,f929202d-3aa3-4ae2-ada6-7092c33058b3,5602230659413975981,Please change my number to 400-685-7777. Thanks
tboggers2m@ow.ly,318-28-0499,936857401-4,2ce53021-c62f-46f7-b0f2-abe77027f231,3589264011456873,Please change my number to 656-865-0679. Thanks
aruffles2n@chicagotribune.com,223-28-1968,652294113-9,d92bd851-fd1d-4007-891f-6a7102d33184,3589945193168266,Please change my number to 835-665-5804. Thanks
jjessop2o@gravatar.com,687-60-8860,283157000-X,1e400674-5240-46d5-bd1f-badf82e52926,3546617371604428,Please change my number to 958-935-9405. Thanks
hmebius2p@google.de,183-74-8183,350575587-7,9d902f49-4ac1-4386-8201-73e624416017,201635907601389,Please change my number to 321-388-0330. Thanks
rpopworth2q@moonfruit.com,111-73-6810,711104940-3,a3fbbb6f-41d9-4aec-8f86-ed8672fab58e,4844033211500841,Please change my number to 500-786-7081. Thanks